customer_id,age,gender,tenure_months,balance,products,credit_score,is_active,estimated_salary,transactions_last_month,complaints,churn
1001,56,F,77,15020,2,682,0,74382,10,3,1
1002,69,F,16,29163,2,675,1,77771,21,0,0
1003,46,M,41,18504,1,695,1,72109,36,0,0
1004,32,M,98,13000,2,719,1,48059,20,0,0
1005,60,F,55,32308,2,655,1,93403,75,2,1
1006,25,M,101,8246,1,671,0,53586,12,2,1
1007,38,F,61,7997,1,698,1,45960,30,0,0
1008,56,F,86,28862,1,654,1,78624,17,1,1
1009,36,F,81,24002,1,724,1,65699,23,0,0
1010,40,F,87,16088,1,625,0,41065,3,2,1
1011,28,M,118,9821,1,643,1,26859,56,1,0
1012,28,M,100,3395,2,661,1,35900,56,0,0
1013,41,M,49,24551,1,683,0,72570,8,1,1
1014,70,M,73,15146,1,736,0,78295,0,0,1
1015,53,F,52,32063,3,677,1,80809,15,2,1
1016,57,F,2,17079,2,674,1,79327,17,0,0
1017,41,M,96,17990,1,670,0,73779,3,1,1
1018,20,F,50,5422,2,628,0,23032,11,1,0
1019,39,F,117,10491,1,678,0,64518,4,0,0
1020,70,F,86,6625,1,674,0,86877,1,3,1
1021,19,M,43,14345,1,686,1,39466,78,0,0
1022,41,M,77,15212,4,676,1,45966,45,0,0
1023,61,M,8,8503,2,675,1,86029,77,0,0
1024,47,F,59,21443,2,705,1,66621,45,0,0
1025,55,M,65,21820,4,702,0,81102,14,1,1
1026,19,M,81,9125,3,628,1,47233,36,1,0
1027,38,M,12,7158,2,712,1,51532,60,0,0
1028,50,M,4,26568,2,637,1,75714,72,2,0
1029,29,M,117,8071,1,626,1,27352,75,1,0
1030,39,M,77,12345,1,646,0,51074,0,0,1
1031,61,F,95,24347,2,694,1,92450,15,0,0
1032,42,F,41,3538,2,605,0,43208,3,3,1
1033,66,M,7,18240,4,708,1,84495,75,0,0
1034,44,M,87,6770,1,646,0,57469,6,2,1
1035,59,F,88,8768,2,698,0,71323,8,2,0
1036,45,F,69,16259,2,698,1,57769,53,0,0
1037,33,M,69,20220,1,642,0,54807,9,3,1
1038,32,M,81,10323,2,645,1,53957,72,2,1
1039,64,M,30,9945,2,681,0,81046,14,3,1
1040,68,M,73,23397,1,691,1,84446,20,0,0
1041,61,F,6,27211,2,678,1,76670,64,0,0
1042,72,M,89,27940,1,750,1,89576,52,0,0
1043,69,M,19,30572,1,723,0,86346,10,0,0
1044,74,M,80,20356,2,658,0,85605,2,1,0
1045,20,M,85,9641,1,647,0,30788,2,2,1
1046,54,F,66,8333,1,745,0,84148,14,0,1
1047,68,F,10,13697,1,707,1,79680,48,1,1
1048,24,F,16,7931,1,670,1,42564,53,0,0
1049,38,M,37,9669,1,640,1,42230,62,0,0
1050,26,M,79,20460,1,649,1,54533,63,0,0
1051,56,F,77,25953,2,661,1,72901,48,0,0
1052,35,M,77,4549,3,682,1,46859,21,0,0
1053,21,M,32,4019,1,612,0,36383,6,2,1
1054,42,F,109,12639,1,708,1,72149,48,0,0
1055,31,F,47,8967,1,665,1,59087,65,0,0
1056,67,F,110,20995,1,678,1,79176,28,0,0
1057,26,F,72,13256,2,623,0,36221,8,2,1
1058,43,M,43,17765,2,653,1,45927,29,0,0
1059,70,M,82,22751,2,685,1,81614,73,0,0
1060,19,F,36,4822,1,655,1,14045,25,1,0
1061,37,M,26,10465,3,665,1,44755,34,0,0
1062,45,F,10,9502,1,688,0,77305,1,1,0
1063,64,F,31,22550,2,661,1,96514,50,1,0
1064,24,M,97,8794,2,675,0,35998,2,3,1
1065,61,F,29,20022,2,645,1,64615,72,1,0
1066,25,M,5,2749,1,679,0,21652,12,2,1
1067,64,M,77,15609,1,741,1,87246,15,1,1
1068,52,M,1,12621,2,666,1,71140,79,0,0
1069,31,M,87,11964,1,643,0,31010,14,1,1
1070,34,F,104,9729,1,680,1,47369,74,0,0
1071,53,M,3,27631,2,732,0,87919,5,0,0
1072,67,F,67,26269,1,670,1,83984,24,1,0
1073,57,F,71,12176,2,689,1,85183,64,0,0
1074,21,F,100,12190,1,699,1,48729,26,1,0
1075,19,F,35,9188,2,655,0,25311,4,2,0
1076,23,M,15,5856,1,653,1,27071,47,0,0
1077,71,M,104,30982,3,657,1,81363,40,1,0
1078,59,F,67,9613,1,650,0,76865,2,2,0
1079,21,F,93,2516,2,687,1,33120,64,0,0
1080,71,M,30,34157,3,677,0,94354,14,2,0
1081,46,F,103,22683,1,688,1,65429,55,0,0
1082,35,M,82,23446,1,706,0,58997,2,1,1
1083,43,F,75,18045,1,672,1,62701,16,0,0
1084,61,M,43,27781,1,659,1,73527,45,0,0
1085,51,F,113,19818,2,671,0,58387,9,3,1
1086,27,F,60,17998,1,716,0,52085,1,0,0
1087,53,M,102,22066,3,690,0,88548,3,1,1
1088,31,F,40,11384,2,733,1,61928,33,0,0
1089,48,F,65,20603,1,702,0,54635,6,1,1
1090,65,M,29,15993,2,674,1,79471,16,0,0
1091,32,F,74,13566,1,715,0,56860,8,1,0
1092,25,M,92,8466,1,649,0,41071,12,2,1
1093,31,M,95,6881,1,634,1,27782,73,2,0
1094,40,F,19,13780,2,695,0,64189,12,2,1
1095,74,F,3,6300,1,696,1,94331,52,0,0
1096,57,F,36,26930,2,747,1,75072,39,0,0
1097,38,F,43,11478,1,667,1,55843,35,0,0
1098,33,F,15,8365,4,671,1,32660,56,0,0
1099,62,F,97,7713,2,734,1,78131,50,0,0
1100,35,F,41,2267,1,650,0,44294,4,2,1
1101,64,M,107,11890,2,694,0,87519,14,1,1
1102,70,F,115,29757,2,647,0,100325,12,2,1
1103,41,M,109,5235,1,703,1,61797,73,1,1
1104,43,F,90,16014,1,631,0,43503,8,1,0
1105,42,F,80,6883,1,706,1,54951,47,0,0
1106,62,M,36,11206,2,684,1,92151,77,0,0
1107,58,F,97,9522,2,726,1,83878,43,1,0
1108,46,F,84,3889,1,677,1,70853,32,0,0
1109,32,M,77,13939,1,632,0,43541,9,2,1
1110,62,F,33,23790,1,703,1,66777,67,0,0
1111,18,F,5,11980,2,721,1,45215,46,0,0
1112,42,F,101,7862,2,669,0,67852,5,2,1
1113,24,M,78,6222,4,685,0,41525,8,1,1
1114,26,F,91,6654,1,693,1,30724,45,0,0
1115,41,F,87,19546,1,668,1,50898,76,0,0
1116,18,F,14,4476,1,662,1,32775,70,0,0
1117,61,F,104,23113,2,716,1,75514,25,0,0
1118,25,M,68,4558,1,676,1,22365,40,0,0
1119,41,M,103,10985,1,659,1,71217,41,2,1
1120,28,F,116,11679,2,683,1,55726,71,1,0
1121,68,F,83,5786,1,648,0,77222,13,2,1
1122,34,M,47,20214,1,669,1,61340,73,1,0
1123,25,M,54,2967,2,620,1,21949,76,1,0
1124,52,F,4,25622,1,701,1,84312,34,1,0
1125,52,M,94,6251,1,724,1,84561,17,2,1
1126,50,F,83,25558,1,648,1,66508,30,1,0
1127,22,M,95,2153,1,673,1,18319,58,0,0
1128,59,M,95,25277,1,689,1,70417,44,0,0
1129,56,M,9,22309,3,720,1,66932,54,0,0
1130,58,M,53,36114,1,679,1,92898,79,2,1
1131,45,F,77,11065,2,590,0,50929,0,4,1
1132,24,M,78,10129,1,645,1,33256,44,1,0
1133,26,M,119,7611,1,629,0,42340,5,2,1
1134,25,F,60,4373,1,703,0,38185,10,1,0
1135,29,M,46,10057,1,711,1,49040,65,0,0
1136,51,M,54,7890,1,703,1,73045,22,1,0
1137,50,F,74,23319,1,691,1,59228,65,0,0
1138,65,M,112,7505,2,717,1,89686,50,0,0
1139,72,F,95,22630,1,681,1,88320,69,1,0
1140,40,F,37,12233,4,720,1,45432,49,0,0
1141,41,F,23,10817,1,670,1,45389,50,0,0
1142,54,F,27,23341,1,687,0,82839,9,2,1
1143,52,M,70,7825,1,670,0,86310,12,2,1
1144,61,F,90,22820,1,709,0,93426,4,0,0
1145,57,M,66,9937,2,695,1,66014,76,1,0
1146,39,M,109,21995,2,636,0,58024,6,1,1
1147,44,M,61,19261,1,606,0,60813,2,3,1
1148,52,M,77,28828,1,640,0,73846,11,2,0
1149,18,M,51,1038,2,639,1,16439,71,1,0
1150,52,M,50,12374,1,734,0,82603,4,0,0
1151,54,M,19,6554,1,717,1,55357,70,0,0
1152,64,M,1,5254,1,679,0,97466,5,1,1
1153,31,M,40,8198,1,710,1,60807,34,0,0
1154,20,M,32,11094,1,654,0,38578,10,1,1
1155,18,F,22,2728,3,640,0,20843,10,2,1
1156,22,F,112,5931,2,626,1,25996,24,1,0
1157,43,F,93,17531,2,682,0,48598,11,2,1
1158,72,M,66,25337,1,666,0,86529,3,1,1
1159,31,F,40,5213,2,633,0,27710,11,0,0
1160,56,F,38,12408,2,705,0,68796,7,2,0
1161,44,F,48,11685,2,699,0,55774,8,1,0
1162,26,M,55,2501,1,645,0,22337,1,0,1
1163,32,M,75,15307,4,678,1,56297,57,0,0
1164,32,M,81,5868,1,653,1,33066,24,0,0
1165,43,M,55,17593,3,669,1,50506,45,0,0
1166,59,F,51,26008,1,649,0,82618,3,2,1
1167,30,F,107,7555,1,672,1,28654,48,0,0
1168,68,F,60,18698,1,735,0,105358,13,2,1
1169,49,F,8,9014,2,636,0,73004,6,2,1
1170,56,M,86,29633,1,704,1,92128,72,0,0
1171,66,M,68,21970,2,733,0,99752,7,1,1
1172,69,M,75,10696,2,679,0,83136,12,0,0
1173,49,F,72,7691,2,714,1,65006,40,0,0
1174,21,M,9,5398,2,687,1,50031,78,0,0
1175,47,M,90,20853,2,721,1,64761,44,1,0
1176,54,F,2,8295,2,708,1,63733,23,1,0
1177,40,F,80,14954,1,709,1,63816,46,0,0
1178,56,M,95,15149,2,676,0,72819,9,0,1
1179,62,M,70,23097,3,685,0,91343,13,0,1
1180,32,M,117,19713,1,690,0,55219,11,2,1
1181,60,M,85,26083,3,651,1,73741,33,1,0
1182,46,M,90,11225,1,647,1,53998,68,2,0
1183,53,M,59,4361,1,735,1,78743,51,0,0
1184,30,F,19,11706,1,666,1,58747,26,0,0
1185,49,F,28,21616,1,698,1,82451,18,0,0
1186,24,F,72,9804,2,678,0,39982,10,0,1
1187,68,M,14,22520,3,713,1,81015,41,0,0
1188,39,F,24,4977,2,643,1,47885,65,0,0
1189,45,M,112,16303,4,707,1,59008,19,0,0
1190,19,M,44,3976,1,585,0,34902,3,5,1
1191,59,F,101,24781,1,707,1,79252,70,0,0
1192,62,M,56,12233,2,721,0,72520,3,0,0
1193,74,M,90,25853,2,721,0,86620,5,1,0
1194,70,F,95,6153,1,702,0,92170,6,1,0
1195,23,F,51,6526,4,630,1,33859,25,1,0
1196,45,F,32,19616,2,660,1,66099,25,0,0
1197,45,M,50,6942,4,688,0,53649,9,2,1
1198,61,F,41,30686,1,735,0,93455,13,1,1
1199,61,F,66,20309,1,690,1,75005,35,0,0
1200,37,M,25,11030,2,688,0,43144,6,2,1
1201,47,F,116,13674,2,682,0,78705,7,2,1
1202,28,F,108,10824,1,670,1,49457,72,0,0
1203,72,F,61,22560,3,667,1,87079,27,1,0
1204,45,M,66,15900,3,718,0,73829,7,2,1
1205,42,M,42,15128,1,689,0,51385,12,2,1
1206,56,M,65,17251,1,675,0,85487,5,1,1
1207,50,M,36,7537,1,711,1,62391,26,0,0
1208,18,F,76,2056,1,660,1,16461,66,0,0
1209,74,M,9,5888,2,738,1,113164,66,1,0
1210,44,M,36,9268,1,652,0,59663,12,0,0
1211,74,F,105,34427,2,739,1,110299,17,0,0
1212,69,F,92,32991,2,692,0,100594,9,1,0
1213,30,F,38,4100,1,634,1,33919,24,0,0
1214,58,M,33,30808,2,729,1,79882,61,0,0
1215,20,M,42,11030,1,701,1,48840,55,2,0
1216,56,M,61,23304,1,670,1,62824,78,2,1
1217,23,F,46,15257,2,660,1,51306,56,0,0
1218,25,F,86,8533,4,672,0,28176,2,1,1
1219,44,M,89,6088,1,718,1,76329,23,1,0
1220,26,F,61,4336,1,667,0,34141,7,2,1
1221,54,F,18,2998,1,719,1,56469,18,1,1
1222,50,F,70,21119,1,715,0,70246,7,1,0
1223,68,M,82,15678,1,649,0,91923,11,3,1
1224,59,F,116,30807,2,759,1,94694,79,0,0
1225,61,F,80,11673,1,672,0,69221,13,1,0
1226,41,M,15,16135,4,727,1,47911,73,0,0
1227,32,M,48,3476,1,652,1,36304,21,0,0
1228,71,F,72,10641,3,709,0,96142,10,2,0
1229,49,F,13,12368,3,687,0,73051,3,2,0
1230,49,M,119,14252,2,709,1,73858,54,1,0
1231,41,M,43,7276,1,637,0,42293,0,1,0
1232,58,F,60,26816,2,750,1,84518,65,0,0
1233,69,F,57,6715,2,697,1,80007,49,0,0
1234,66,F,71,13591,3,670,1,78594,55,4,1
1235,66,F,17,32991,2,700,1,96174,71,0,0
1236,69,M,50,7409,1,749,1,100972,52,1,0
1237,29,F,32,21681,2,654,1,57083,22,0,0
1238,56,F,22,27854,4,631,0,70480,13,2,0
1239,19,M,55,3260,2,668,0,40253,8,0,0
1240,20,F,115,2570,3,678,1,16913,62,0,0
1241,66,M,57,17126,2,721,1,94965,66,0,0
1242,54,F,13,18384,2,664,1,57140,52,0,0
1243,66,F,47,24663,2,714,1,95379,19,0,0
1244,73,M,87,29061,2,751,1,105473,38,0,0
1245,34,M,62,9894,1,669,1,31397,31,0,0
1246,66,F,54,8976,2,705,1,98319,40,1,0
1247,19,F,29,9506,2,668,0,27825,1,2,1
1248,19,F,22,5923,1,677,1,19945,16,1,0
1249,45,M,65,13030,1,696,0,51694,12,1,0
1250,71,F,29,28923,2,648,1,80030,36,1,0
1251,40,M,48,18276,2,714,1,61930,18,1,0
1252,54,M,5,9473,1,735,1,78552,52,1,0
1253,49,F,35,11882,2,685,0,59289,4,1,0
1254,50,M,119,18433,3,684,0,82692,11,1,0
1255,18,F,74,1897,1,696,1,27368,40,0,0
1256,36,F,83,13583,1,637,0,35360,14,0,0
1257,19,F,101,3129,3,647,1,32933,40,0,0
1258,70,F,71,28491,3,726,0,96870,5,0,0
1259,61,F,46,19923,1,689,0,87696,11,2,1
1260,43,M,35,2593,1,622,0,43968,3,2,1
1261,49,M,45,29147,1,690,1,78003,29,0,0
1262,23,F,13,10149,2,621,1,29152,71,1,0
1263,49,F,10,12704,1,616,0,54408,7,2,1
1264,72,M,66,12868,2,688,0,98885,2,1,0
1265,21,M,70,2320,1,661,1,25062,36,0,0
1266,72,M,72,15382,3,687,0,86812,3,2,1
1267,28,M,100,6267,1,660,1,44954,29,1,1
1268,73,F,25,19084,2,733,1,83944,31,0,0
1269,34,F,44,18944,4,679,0,48793,4,1,1
1270,55,M,60,21275,1,672,0,84682,4,3,1
1271,41,F,47,24441,1,742,1,67615,77,0,0
1272,22,M,40,9924,2,700,1,35723,42,1,0
1273,69,F,7,19643,1,666,1,90797,73,1,0
1274,51,M,46,19159,2,667,0,54879,11,2,0
1275,23,F,23,10123,1,611,1,47089,56,2,0
1276,39,M,83,16387,1,646,0,46288,3,0,0
1277,28,M,46,4196,3,644,1,27596,21,0,0
1278,65,F,86,7007,2,701,1,73695,54,0,0
1279,33,M,13,20893,2,704,0,59804,0,1,1
1280,50,F,21,18756,1,659,0,73382,4,1,0
1281,26,F,1,12798,1,676,0,35435,4,1,0
1282,23,M,19,7552,2,625,0,19966,4,0,1
1283,33,F,60,3924,1,676,0,57067,7,0,0
1284,46,F,33,11710,1,650,0,51964,8,1,0
1285,20,F,4,7134,1,673,1,39360,31,0,0
1286,37,F,106,17844,1,707,1,66323,72,0,0
1287,53,F,3,27458,2,714,0,83775,12,0,0
1288,36,M,91,7335,2,710,1,49492,44,0,0
1289,43,F,52,10582,2,637,0,43214,7,2,1
1290,20,F,105,10414,2,655,1,34939,67,0,0
1291,36,F,99,5047,2,713,0,52000,1,1,0
1292,37,F,28,19307,2,722,1,57646,51,1,0
1293,49,F,70,21099,2,679,1,80488,20,2,1
1294,24,M,70,17879,1,661,1,46762,48,0,0
1295,69,F,55,17316,1,682,1,102564,70,1,0
1296,58,M,57,8088,3,678,0,92070,11,1,1
1297,50,M,108,12095,1,697,1,53216,27,1,0
1298,57,M,87,6440,1,638,0,80472,3,3,1
1299,56,M,97,33265,2,641,0,85442,4,3,1
1300,35,F,16,3168,2,613,0,49861,1,2,0
1301,57,M,24,19878,2,651,1,63360,58,1,1
1302,18,M,69,7103,1,616,0,30381,7,2,1
1303,28,F,41,9797,4,696,1,54726,54,0,0
1304,45,F,106,4863,2,701,1,66578,51,1,0
1305,74,F,77,25888,2,672,1,96683,63,1,0
1306,42,M,47,17884,1,699,1,70182,50,1,1
1307,67,F,76,12959,1,750,1,87379,48,0,0
1308,40,F,69,26444,1,691,0,71746,12,1,0
1309,48,M,101,7561,1,675,0,48330,10,0,0
1310,47,F,31,9635,1,615,0,46456,14,2,0
1311,59,F,92,22171,1,719,0,92257,1,0,0
1312,52,F,92,4649,2,621,0,54643,2,2,1
1313,24,F,30,7714,2,646,0,20501,13,3,1
1314,33,M,18,6864,2,641,1,37903,47,0,0
1315,43,F,44,4438,1,708,1,56700,57,1,0
1316,65,F,27,12793,1,675,0,68947,1,2,1
1317,74,M,99,25826,1,676,1,99305,65,0,0
1318,69,F,26,18234,1,644,0,79353,10,2,1
1319,66,M,103,30108,1,720,1,102725,53,0,0
1320,19,F,113,1921,1,654,1,27666,37,0,0
1321,18,M,115,6294,3,693,1,42072,55,1,0
1322,65,M,60,24801,2,661,1,73651,58,0,0
1323,29,M,18,2501,2,688,1,32073,49,0,0
1324,22,M,97,9236,3,715,1,26433,37,0,0
1325,54,F,89,4793,2,664,1,58335,72,0,0
1326,49,M,56,23081,2,668,1,67477,62,2,1
1327,72,F,31,16550,2,719,1,93888,72,2,0
1328,26,M,101,5843,2,681,0,22108,7,0,0
1329,58,M,59,6647,2,677,0,64217,5,2,0
1330,52,M,2,6060,1,703,0,82831,4,1,1
1331,36,F,97,7114,2,733,1,56653,78,0,0
1332,65,M,39,7961,3,753,1,84020,76,0,0
1333,33,F,61,8949,2,675,0,56162,1,0,0
1334,20,F,107,8827,1,688,1,38373,40,0,0
1335,37,F,107,16533,1,679,1,64564,65,0,0
1336,41,F,63,13412,2,651,1,41085,64,2,1
1337,71,F,96,21326,4,716,1,76249,50,2,1
1338,73,F,18,20719,1,692,1,78761,40,0,0
1339,50,F,17,9864,2,648,0,50815,8,2,1
1340,41,F,98,14396,3,734,1,66698,22,0,0
1341,69,F,39,19086,1,705,0,97837,1,2,1
1342,28,M,71,12943,2,656,1,37542,69,1,0
1343,66,M,106,12590,1,710,0,96478,3,2,1
1344,25,M,54,1470,2,663,1,28272,35,0,0
1345,53,M,117,24249,2,642,1,87237,36,2,1
1346,55,M,99,7704,2,652,0,63741,9,3,1
1347,57,F,94,22811,2,715,1,63094,48,1,1
1348,37,F,76,22690,1,674,1,64706,73,2,0
1349,52,F,35,4176,3,679,1,54334,40,1,0
1350,65,F,11,7813,2,659,1,89556,15,1,1
1351,42,F,61,13244,2,643,1,59307,19,1,1
1352,52,F,44,15414,1,656,0,58559,13,1,1
1353,42,F,68,10171,1,672,0,69558,0,0,0
1354,46,M,25,19705,1,691,0,65493,14,3,1
1355,35,M,48,17025,3,681,1,65932,62,1,0
1356,63,M,32,16203,1,685,0,98987,7,2,0
1357,35,M,84,2065,4,632,1,35066,67,1,0
1358,19,F,114,10644,2,675,1,34056,79,0,0
1359,71,F,95,10112,2,705,1,80794,78,1,0
1360,52,F,4,18766,2,731,1,54860,77,0,0
1361,33,M,118,7178,2,683,1,36420,76,0,0
1362,58,F,38,19098,2,681,1,75791,59,2,1
1363,53,F,117,25845,1,727,1,72695,66,0,0
1364,50,F,63,21322,2,702,1,60529,79,1,0
1365,21,M,47,8529,2,688,1,47375,16,1,0
1366,50,F,1,8332,2,682,1,67675,63,2,0
1367,31,M,3,10466,2,638,0,32574,13,1,1
1368,38,M,101,12412,1,664,0,61576,7,2,1
1369,65,M,86,9511,1,716,1,81142,49,2,0
1370,37,M,62,17083,2,684,1,46604,38,0,0
1371,73,F,64,10143,1,717,1,84994,44,0,0
1372,25,M,17,3164,2,696,1,53593,56,1,0
1373,24,M,78,1739,1,612,0,30452,12,3,1
1374,20,F,105,12785,1,707,1,47740,74,0,0
1375,34,F,62,8798,1,707,1,31243,44,0,0
1376,50,M,35,11741,2,676,1,73903,26,0,0
1377,65,F,13,16447,2,688,1,101522,63,1,0
1378,29,M,35,8944,2,695,1,52980,60,0,0
1379,68,M,43,26708,3,700,0,92719,7,2,0
1380,39,M,2,3318,1,714,1,47163,16,0,0
1381,72,M,56,40498,1,729,1,107941,68,0,0
1382,39,F,111,5149,2,635,1,40265,49,1,0
1383,63,M,77,27317,2,737,1,68311,66,0,0
1384,47,F,51,7878,1,714,0,71598,13,1,0
1385,55,F,54,25119,4,684,0,78488,7,3,1
1386,55,F,16,10205,3,662,0,79608,12,1,0
1387,62,F,18,7227,1,706,1,92298,76,1,1
1388,68,M,7,26189,1,691,0,73519,6,1,0
1389,71,F,45,37290,2,736,0,106371,13,1,0
1390,25,M,36,7765,1,622,1,40599,51,1,0
1391,44,F,41,17681,1,640,0,59765,5,1,0
1392,44,F,94,14021,2,700,1,57234,25,0,0
1393,51,M,42,18542,1,675,1,53199,67,0,0
1394,38,M,105,8085,1,660,1,50449,55,0,0
1395,47,M,7,13368,1,644,0,57303,0,1,0
1396,50,F,15,12191,2,663,0,55445,0,2,1
1397,45,F,60,10787,2,680,1,62040,77,0,0
1398,64,M,40,24271,1,645,1,67046,39,1,0
1399,50,M,83,8769,1,651,1,81153,58,1,0
1400,22,M,107,2212,2,671,0,21612,12,1,0
1401,65,M,37,17972,3,662,1,71339,73,0,0
1402,36,F,66,15783,3,661,1,56342,70,0,0
1403,21,M,106,4086,1,703,1,34594,66,0,0
1404,52,M,112,12062,2,695,1,64586,26,0,0
1405,66,M,55,39581,2,729,1,103807,57,2,0
1406,34,M,77,4798,2,650,1,35195,20,0,0
1407,61,F,104,22285,2,683,0,78490,13,0,0
1408,45,M,105,20444,1,714,1,66151,56,0,0
1409,47,F,107,10361,2,643,0,50091,4,4,1
1410,46,M,107,19916,1,697,1,52670,67,0,0
1411,63,M,119,21376,1,681,1,69441,20,0,0
1412,70,F,95,19298,2,680,0,91776,3,2,0
1413,23,M,80,5898,4,682,0,23660,0,2,1
1414,52,F,106,23388,1,625,0,79984,6,3,1
1415,58,F,56,16439,2,672,1,63900,68,0,0
1416,54,M,44,20787,1,690,1,58138,70,0,0
1417,41,F,57,7816,3,614,0,44687,3,3,1
1418,46,F,6,11580,2,661,1,74729,69,0,0
1419,66,F,92,12417,1,706,1,99462,72,0,0
1420,63,F,32,4861,1,672,0,76880,2,1,0
1421,70,F,108,6688,1,674,0,102804,7,2,1
1422,48,F,74,20390,1,705,1,57515,36,1,0
1423,52,F,114,18269,1,708,1,63558,74,0,0
1424,50,F,18,16483,2,666,1,58621,25,1,1
1425,69,M,68,22097,1,709,0,83347,0,3,1
1426,38,M,73,20409,2,677,0,58777,14,1,0
1427,49,F,7,11179,1,671,1,51259,32,1,0
1428,40,M,114,23679,2,624,0,66768,5,4,1
1429,50,F,8,11855,1,718,0,67434,7,0,0
1430,20,F,64,11013,1,667,0,29419,13,3,1
1431,35,M,107,10285,2,693,1,34921,52,1,0
1432,42,F,7,6311,1,656,1,45076,39,0,0
1433,59,F,41,20097,2,678,1,81225,46,0,0
1434,48,F,40,14445,2,683,1,61063,29,0,0
1435,71,F,3,9893,2,726,0,100674,3,2,1
1436,20,M,17,3975,1,608,1,15469,72,1,0
1437,57,F,66,10522,1,724,0,65692,6,0,0
1438,63,F,79,6218,1,758,1,91009,25,0,0
1439,41,F,110,23963,2,729,1,62726,27,0,0
1440,67,M,93,25768,1,699,1,93865,64,0,0
1441,49,F,114,28466,1,705,0,79755,0,2,0
1442,64,M,112,26823,1,673,1,93585,15,0,0
1443,39,M,52,10118,1,634,0,57833,11,2,1
1444,40,F,22,10309,1,696,1,44931,41,0,0
1445,19,F,4,3980,1,692,1,13891,50,0,0
1446,44,M,116,26475,1,633,1,68572,46,2,0
1447,59,F,6,10709,1,691,1,77163,55,0,0
1448,19,M,38,14709,1,702,1,41290,29,0,0
1449,43,M,26,15632,2,709,0,41860,14,1,0
1450,34,F,11,11743,1,698,1,41256,20,0,0
1451,57,F,90,30346,1,681,0,80720,4,0,1
1452,50,M,17,12006,1,732,1,63435,36,0,0
1453,26,M,88,18497,1,715,1,48225,45,0,0
1454,60,M,92,26670,1,709,1,90109,60,1,0
1455,71,M,99,6208,2,685,1,95954,57,1,0
1456,65,F,31,26564,3,707,1,72301,15,0,0
1457,56,F,77,14142,1,701,0,64407,11,1,1
1458,46,F,118,15437,2,645,1,73120,71,1,1
1459,59,F,35,20607,1,713,0,83003,4,2,1
1460,72,F,16,10018,1,711,1,97945,19,1,1
1461,43,M,79,14055,4,617,0,65616,11,3,1
1462,52,F,107,28464,2,640,0,83498,14,3,1
1463,67,F,18,4376,4,698,1,78956,38,0,0
1464,42,F,111,8804,1,619,0,60502,0,3,1
1465,41,F,101,2092,1,708,1,41124,36,1,0
1466,30,F,112,8891,2,687,0,45479,14,2,1
1467,24,M,62,11502,2,698,0,37722,7,1,1
1468,74,M,112,32120,1,747,1,97460,53,0,0
1469,53,M,113,24199,3,660,0,63545,13,0,1
1470,62,F,105,17016,2,666,0,64706,12,2,1
1471,37,M,27,7980,1,686,1,57359,29,0,0
1472,18,M,119,5912,2,609,0,15831,6,1,0
1473,25,F,35,10350,2,655,1,32207,74,0,0
1474,63,F,116,18060,1,697,0,71936,2,1,0
1475,33,F,45,11513,4,695,0,39230,11,2,1
1476,31,M,118,16605,1,687,1,44456,26,1,1
1477,29,M,35,17574,1,720,0,58709,2,0,0
1478,68,F,28,18845,3,765,0,105319,9,0,0
1479,40,F,103,20374,4,691,0,68013,3,1,1
1480,32,M,102,2747,2,726,0,42855,11,0,0
1481,45,M,9,9026,3,717,1,48722,78,0,0
1482,51,F,76,12304,2,645,0,64012,2,1,0
1483,19,F,15,4669,3,617,1,43076,57,2,1
1484,49,M,21,3419,1,658,1,58860,31,0,0
1485,40,F,52,4936,2,716,1,51056,38,0,0
1486,39,M,35,12129,2,699,1,43455,44,0,0
1487,68,M,106,31153,1,731,0,94174,8,2,1
1488,42,M,97,21150,2,689,1,53427,74,1,0
1489,39,M,51,6991,2,610,0,40830,2,3,1
1490,39,F,83,15858,2,672,1,61043,19,1,0
1491,66,F,55,38741,1,668,1,102489,42,1,0
1492,69,M,87,10037,2,685,0,92539,12,0,0
1493,59,M,77,28602,1,674,1,94968,29,3,0
1494,23,M,44,14962,1,670,1,47613,62,1,0
1495,32,M,65,2838,3,637,0,34979,3,0,0
1496,71,M,115,32839,2,719,0,93442,0,2,1
1497,60,F,93,22344,1,691,1,66781,21,1,1
1498,54,F,88,4642,1,725,1,75248,20,0,0
1499,50,F,80,5850,2,718,1,71446,72,0,0
1500,25,F,25,2086,4,637,1,31043,69,1,0
1501,70,M,119,15688,3,715,1,93853,63,0,0
1502,61,M,87,19009,2,716,1,83279,65,0,0
1503,61,M,92,18977,1,693,0,80301,9,1,1
1504,22,M,47,2449,1,639,0,17042,1,0,0
1505,56,M,80,31450,1,738,1,85216,65,1,0
1506,21,F,107,6106,1,700,1,34132,52,1,0
1507,23,M,56,2806,1,639,0,42545,8,3,1
1508,62,F,38,11158,1,678,0,71949,2,2,1
1509,49,F,11,14672,2,659,1,62197,34,1,0
1510,69,F,67,18933,1,691,1,98162,24,0,0
1511,47,F,15,11685,2,736,1,80117,40,1,0
1512,64,M,1,8619,3,699,1,89816,62,1,1
1513,52,F,7,22604,2,702,0,67132,5,1,1
1514,72,F,1,41185,2,675,0,103311,6,2,1
1515,57,F,49,12610,2,679,0,76266,11,2,1
1516,69,M,96,18434,1,709,0,100421,4,2,1
1517,33,M,73,11298,1,665,1,42423,53,0,0
1518,30,M,29,16877,1,732,1,55986,23,0,0
1519,67,F,26,15930,1,721,1,85090,39,0,0
1520,59,F,87,26315,2,715,1,71756,31,0,0
1521,47,M,45,16655,3,629,0,67703,11,2,1
1522,36,F,107,13055,4,704,1,62874,43,0,0
1523,34,M,93,9080,1,674,1,32858,74,0,0
1524,73,M,116,34175,4,710,1,89119,71,0,0
1525,36,F,102,21101,1,693,0,64315,4,2,1
1526,45,F,97,2863,2,680,1,44730,53,1,1
1527,72,F,71,13011,1,693,1,78232,30,1,0
1528,43,F,12,13845,1,712,0,64489,10,1,0
1529,54,M,95,9441,1,643,0,58979,12,2,1
1530,43,M,32,14133,3,684,1,47899,60,0,0
1531,70,M,118,27756,1,678,1,81830,59,0,0
1532,40,M,20,18493,1,670,0,60441,6,2,1
1533,26,M,119,11022,3,680,1,27815,34,0,0
1534,29,F,51,4589,3,634,0,31562,6,2,1
1535,70,M,81,35165,1,721,1,98709,79,2,0
1536,18,M,36,11152,2,595,0,35034,4,3,1
1537,18,M,67,5823,1,707,1,32943,53,0,0
1538,64,F,1,25335,1,719,0,82539,5,1,1
1539,51,F,114,4483,1,634,0,51866,3,2,1
1540,49,F,27,26703,1,640,0,81844,13,2,1
1541,71,F,117,24360,2,752,0,103083,11,1,1
1542,65,M,111,12498,2,727,1,82063,53,1,0
1543,42,M,40,20698,1,699,0,74049,0,1,0
1544,57,F,97,25597,2,720,1,93228,61,0,0
1545,62,F,84,9105,2,655,0,73829,2,3,1
1546,70,M,14,6484,1,643,0,106926,12,4,1
1547,18,M,100,8851,1,660,0,43869,3,2,1
1548,33,F,69,15285,2,683,0,61304,0,3,1
1549,56,F,87,30540,2,674,0,85591,11,3,1
1550,22,F,109,15215,2,637,1,40587,18,1,0
1551,39,F,79,9245,2,657,1,39326,74,1,1
1552,46,M,6,21932,1,673,1,69886,26,0,0
1553,72,M,33,17157,2,685,1,84203,73,0,0
1554,20,M,55,14520,1,671,1,46668,68,1,0
1555,29,F,19,3818,3,616,0,31374,8,1,0
1556,43,F,77,9054,2,714,1,50333,30,1,1
1557,33,M,29,10024,1,681,1,36857,20,1,0
1558,68,M,61,4932,1,670,1,87509,28,0,0
1559,54,M,70,23910,2,707,1,78946,72,0,0
1560,39,M,79,16643,1,675,0,48602,1,1,1
1561,74,F,80,16446,2,667,1,86696,55,0,0
1562,46,M,24,15164,2,634,1,73333,49,3,0
1563,31,M,23,14171,2,650,1,40726,24,0,0
1564,45,M,112,17771,1,715,1,55278,44,1,0
1565,22,M,10,6328,2,666,0,41951,2,1,0
1566,64,M,54,15048,3,676,0,92098,7,0,0
1567,66,M,105,26285,4,734,1,91391,32,0,0
1568,47,M,41,19644,2,682,1,79492,53,0,0
1569,63,F,49,9554,4,642,0,89471,10,2,1
1570,69,F,17,13078,2,652,0,82521,10,1,1
1571,22,F,113,17038,1,640,0,46679,13,2,1
1572,29,F,56,11403,2,636,0,39204,10,2,1
1573,33,M,108,13467,1,665,1,34086,56,0,0
1574,43,F,45,22383,1,738,1,70287,19,0,0
1575,43,F,30,20790,1,620,0,54756,3,3,1
1576,65,M,44,8617,2,711,0,68567,6,2,1
1577,38,M,110,12090,2,643,0,37779,0,3,1
1578,56,F,74,3380,2,658,0,59219,10,1,1
1579,53,F,55,19797,1,655,1,69519,71,1,0
1580,50,M,19,14934,1,678,1,69703,51,1,0
1581,47,F,29,11157,1,675,1,65104,21,0,0
1582,54,M,2,25625,2,694,0,72830,14,1,1
1583,40,M,36,14626,1,702,1,41909,65,0,0
1584,27,M,19,1758,1,686,1,30415,22,0,0
1585,71,M,7,20703,1,703,1,78620,70,1,1
1586,22,F,26,5923,2,695,1,33140,25,1,0
1587,53,M,79,16406,3,656,0,83928,11,4,1
1588,51,M,111,24112,2,676,0,70665,8,1,1
1589,69,F,38,12189,1,734,0,76931,10,0,1
1590,48,M,3,22140,1,646,0,58252,4,1,0
1591,27,F,102,4956,1,637,0,43907,9,1,1
1592,36,F,80,16073,1,680,1,57006,15,0,0
1593,49,F,66,19388,1,706,1,67971,60,0,0
1594,18,M,95,4451,1,631,1,32193,57,0,0
1595,73,F,92,14250,1,671,0,87070,7,2,0
1596,22,F,71,12909,1,638,1,37726,17,1,0
1597,62,M,94,21847,1,678,1,68997,28,0,0
1598,21,F,43,7596,2,598,1,45988,16,3,1
1599,33,F,62,14846,4,686,1,62671,75,0,0
1600,41,F,71,3169,3,715,1,44267,46,0,0
1601,33,F,100,4261,1,675,1,34624,52,1,0
1602,72,F,93,18508,1,667,0,84115,10,2,1
1603,19,M,24,3570,3,632,0,44570,7,1,1
1604,66,F,116,27760,1,742,0,80426,3,0,0
1605,45,F,39,17298,2,699,0,57412,1,1,0
1606,49,M,68,23337,2,654,0,61369,14,1,0
1607,44,M,93,13222,3,713,1,45169,25,0,0
1608,37,M,44,25183,3,700,1,66421,55,1,0
1609,41,F,5,9697,2,663,1,39728,71,2,0
1610,29,M,55,14334,2,667,0,55114,4,0,1
1611,67,F,93,34666,1,734,1,88447,62,0,0
1612,52,F,30,19822,1,717,1,72148,77,1,0
1613,50,M,29,3885,1,725,0,63919,5,1,1
1614,50,M,26,19794,1,700,1,65256,24,0,0
1615,68,F,83,28071,1,638,0,76505,5,2,0
1616,60,M,26,23282,1,714,0,70884,5,1,1
1617,54,F,37,21290,3,679,1,83706,50,0,0
1618,29,M,91,8762,1,661,0,30750,10,0,0
1619,20,M,94,6091,1,657,1,15360,69,1,0
1620,18,M,115,2742,1,698,1,33546,67,0,0
1621,50,F,53,16652,2,652,1,58730,74,0,0
1622,57,M,30,12019,1,647,0,80561,2,3,1
1623,27,F,3,13739,4,625,0,50138,2,2,1
1624,60,F,43,17316,2,658,0,65925,10,1,0
1625,61,F,7,7432,2,697,1,71663,55,0,0
1626,46,F,49,7661,1,639,1,62612,42,2,0
1627,30,M,73,12951,1,674,0,48402,6,1,1
1628,29,F,117,5580,2,719,1,58810,49,1,0
1629,48,F,41,10471,1,720,1,73317,50,0,0
1630,63,M,106,25811,1,649,0,75397,3,2,1
1631,19,F,77,5493,1,680,1,33394,33,1,1
1632,68,M,79,17225,4,698,1,78006,71,0,0
1633,67,F,54,32008,1,666,0,84365,4,2,1
1634,52,M,69,8564,3,727,0,66133,13,0,0
1635,40,F,93,12100,1,655,1,64926,77,1,0
1636,34,M,99,15626,2,653,1,59583,36,1,1
1637,43,F,91,18681,2,730,1,59424,73,0,0
1638,25,F,27,17653,1,652,1,48287,39,0,0
1639,46,M,8,22880,1,721,0,61768,2,1,0
1640,43,M,32,23183,1,686,0,72036,3,1,1
1641,27,M,84,5688,1,705,1,43780,53,1,1
1642,43,M,64,3896,2,687,0,66396,2,2,1
1643,51,F,10,10918,1,667,0,59231,14,1,0
1644,68,F,13,9312,2,743,1,93547,71,1,0
1645,58,M,63,18751,1,715,1,62788,58,0,0
1646,24,F,93,12513,1,693,1,44469,50,0,0
1647,21,M,35,3074,2,714,1,47013,59,0,0
1648,70,M,61,27687,2,648,0,80765,13,1,1
1649,67,F,54,12825,1,694,1,93571,25,1,0
1650,62,F,8,15138,2,653,0,75207,4,1,1
1651,28,F,29,9593,1,702,1,33804,39,0,0
1652,46,F,95,14475,3,659,1,72266,45,1,0
1653,73,F,41,20498,1,727,1,100258,59,0,0
1654,53,F,30,6464,1,686,1,88586,54,0,0
1655,42,F,86,10323,2,708,1,54186,60,0,0
1656,38,M,21,20613,1,685,0,64883,4,0,1
1657,74,M,76,29201,1,665,1,78856,55,0,0
1658,53,M,11,16846,1,753,1,86511,52,0,0
1659,27,M,2,6138,3,689,0,30959,9,1,0
1660,54,M,50,23927,4,714,1,80858,58,0,0
1661,26,F,41,16698,2,647,1,43945,71,0,0
1662,41,M,66,5712,1,699,0,39815,11,0,0
1663,52,M,98,12337,2,619,1,60462,24,4,1
1664,66,M,3,32009,1,666,1,97414,75,1,0
1665,52,M,80,16615,1,641,1,63081,77,1,0
1666,65,M,51,6651,4,734,1,74984,50,0,0
1667,53,M,68,21895,1,711,1,81179,68,1,0
1668,35,M,87,6607,1,648,1,57274,79,0,0
1669,66,F,114,22080,3,673,1,96599,18,1,0
1670,56,F,84,20857,2,757,0,88681,5,0,0
1671,49,M,25,17742,1,709,1,49744,68,1,0
1672,41,F,30,14335,1,692,1,67657,78,0,0
1673,40,F,82,6964,2,682,0,47114,10,0,0
1674,49,F,106,8757,1,699,1,66930,39,0,0
1675,54,F,11,23891,1,691,1,67112,73,1,1
1676,29,M,93,6305,1,673,0,57396,12,0,0
1677,66,F,17,15716,4,722,1,78951,68,0,0
1678,72,F,26,9623,1,731,1,83307,58,0,0
1679,30,F,23,17352,1,684,1,54114,66,1,0
1680,40,M,56,13612,1,643,0,63009,9,2,1
1681,42,M,52,10324,1,674,0,59710,9,0,1
1682,52,M,48,12593,1,694,0,71396,9,3,1
1683,58,M,20,22863,3,712,1,65647,75,0,0
1684,47,M,109,18327,3,698,0,75167,5,0,1
1685,34,M,2,14203,1,661,1,47147,35,1,0
1686,66,M,88,33959,3,662,0,93302,6,2,0
1687,37,F,31,14136,1,660,0,38663,1,1,0
1688,65,F,27,11532,2,703,1,69902,71,0,0
1689,42,F,2,27304,1,682,1,71223,18,0,0
1690,39,M,78,3953,3,686,0,67340,0,2,1
1691,30,M,4,6583,1,680,1,36190,77,2,1
1692,36,M,113,22135,2,685,0,60890,4,0,0
1693,66,M,13,10549,2,681,1,72194,65,0,0
1694,53,M,100,8096,1,721,1,55610,70,1,0
1695,29,F,35,5017,1,651,0,32177,11,0,0
1696,58,F,108,19198,1,630,0,72636,11,3,1
1697,36,M,118,12137,2,663,0,59667,11,0,0
1698,29,M,119,7563,1,704,1,24848,73,0,0
1699,26,M,72,13526,2,639,1,37238,16,0,0
1700,24,M,66,14692,3,656,0,51376,3,2,1
1701,45,F,6,6306,1,674,1,51878,24,0,0
1702,31,M,31,20632,1,673,0,54809,8,0,0
1703,48,M,118,10218,2,649,0,71670,4,1,0
1704,69,M,10,9713,2,701,1,94796,31,0,0
1705,36,M,108,4185,4,664,1,51361,28,0,0
1706,64,F,21,17063,1,736,1,69028,30,0,0
1707,33,M,106,5027,1,734,1,55965,46,0,0
1708,70,M,74,9777,2,703,0,99188,5,2,1
1709,22,F,23,3920,2,685,1,25288,48,0,0
1710,52,F,3,11222,2,664,0,75530,4,3,1
1711,29,F,32,11398,1,654,1,43590,48,1,0
1712,42,M,20,21906,1,654,0,65224,11,3,1
1713,69,M,74,33611,1,713,1,106205,57,0,0
1714,38,F,29,8523,3,636,0,60074,12,1,0
1715,53,F,105,9637,1,708,0,70933,12,1,1
1716,70,F,52,41860,2,737,1,107879,75,1,0
1717,40,F,115,2452,2,676,0,46367,7,1,0
1718,33,F,46,10852,1,621,1,30322,25,1,0
1719,74,F,34,13183,1,758,0,109945,14,0,1
1720,56,M,101,25693,2,672,0,67339,5,0,0
1721,62,M,84,11297,1,743,0,66528,11,0,0
1722,70,M,61,19314,1,672,0,94617,1,1,1
1723,59,F,72,26441,1,716,1,88880,49,2,1
1724,56,F,71,19108,2,676,0,74733,3,2,1
1725,31,F,70,9648,4,647,1,59824,36,1,0
1726,48,F,11,18424,2,647,1,75556,38,1,0
1727,22,F,108,15127,2,676,1,49477,78,1,0
1728,52,F,82,3653,2,700,1,56352,79,0,0
1729,40,M,115,3278,2,640,1,60796,28,1,0
1730,46,M,106,16184,4,694,1,76946,39,1,0
1731,60,F,93,8004,1,642,0,83249,5,3,1
1732,28,M,89,6672,1,702,0,23615,7,0,0
1733,35,F,63,7240,4,725,1,57957,79,0,0
1734,64,M,21,16685,2,684,1,82805,68,0,0
1735,29,F,110,5493,1,716,1,46092,33,0,0
1736,26,F,3,12843,4,704,1,53076,68,0,0
1737,27,M,82,3373,1,678,1,37217,24,0,0
1738,61,M,88,5151,1,729,1,88670,30,0,0
1739,34,F,111,2754,2,692,1,40559,60,0,0
1740,55,F,102,23966,1,607,0,62412,1,3,1
1741,24,M,10,3923,2,680,1,39304,29,0,0
1742,63,M,27,22081,1,653,0,74107,1,3,1
1743,30,F,12,3471,1,649,0,47050,5,1,0
1744,57,M,7,5554,2,680,1,63220,48,0,0
1745,59,F,17,15656,2,706,0,68635,12,1,1
1746,26,F,65,10387,1,679,0,48831,7,2,1
1747,67,F,64,40227,4,745,0,105017,7,0,0
1748,44,F,114,21466,2,730,1,56387,47,0,0
1749,19,M,26,15343,1,679,1,47521,36,1,0
1750,22,M,15,6059,1,677,1,23240,50,0,0
1751,46,M,115,16036,2,709,1,76640,37,2,0
1752,54,M,33,14922,2,684,1,85436,77,2,0
1753,55,M,62,22274,1,679,0,58389,7,0,0
1754,36,M,101,8865,1,692,1,33963,74,0,0
1755,25,M,47,11099,1,650,1,43925,19,2,1
1756,65,F,95,12402,1,658,1,94549,68,1,0
1757,62,M,35,5829,2,715,0,87857,12,1,1
1758,18,M,65,12576,3,666,1,33023,76,0,0
1759,39,F,72,7562,1,691,1,47318,39,0,0
1760,69,M,76,21548,3,735,0,105160,11,1,1
1761,34,M,118,5315,3,678,1,58973,36,1,0
1762,24,F,83,9669,3,704,0,28195,2,0,0
1763,42,M,25,3557,4,698,0,59607,0,1,0
1764,62,M,57,31126,2,683,1,91039,58,0,0
1765,21,M,32,4373,2,626,0,44124,7,1,1
1766,53,F,63,21990,1,658,1,61033,69,1,1
1767,23,M,12,14570,1,705,1,47704,19,0,0
1768,48,M,63,5518,3,661,0,51264,12,2,0
1769,36,F,77,10846,1,648,1,43728,27,0,0
1770,61,M,92,14570,1,637,0,91390,12,3,1
1771,71,F,1,8507,1,732,0,75697,9,0,0
1772,56,F,51,22741,2,651,0,64841,5,1,0
1773,44,M,70,9073,2,650,0,47443,2,0,0
1774,27,F,8,5203,1,637,0,27456,5,2,1
1775,43,F,68,8155,1,666,1,74499,27,1,0
1776,36,M,5,7113,2,689,1,38643,61,0,0
1777,56,F,89,26431,1,706,0,74441,12,1,0
1778,20,F,86,4022,2,665,1,22712,26,2,0
1779,62,M,92,27818,1,699,1,72621,27,0,0
1780,30,M,39,21861,4,698,1,57346,23,1,0
1781,67,M,23,8667,2,745,1,86060,73,0,0
1782,45,F,68,6229,2,704,0,55588,12,1,1
1783,37,M,52,18421,2,675,0,52342,0,1,0
1784,45,F,4,8550,1,705,1,45607,37,1,0
1785,25,F,47,1135,1,675,1,22016,59,0,0
1786,58,F,21,9214,2,639,0,63174,4,2,1
1787,56,F,101,16710,3,730,0,64474,14,0,0
1788,18,F,56,9018,1,645,1,27348,30,0,0
1789,20,F,105,3304,2,640,1,34175,77,1,0
1790,30,F,66,3355,4,627,1,37826,65,2,0
1791,45,M,59,22913,2,661,1,61472,46,0,0
1792,74,M,7,35336,2,677,0,112929,8,2,1
1793,66,F,49,18891,2,679,1,73673,70,0,0
1794,42,F,16,20395,3,685,1,63890,31,2,0
1795,73,M,17,17425,4,712,0,87081,13,3,1
1796,50,F,84,18461,4,705,1,58520,55,1,0
1797,55,M,87,14846,2,697,1,82415,62,0,0
1798,70,M,98,12402,1,657,0,91570,14,1,0
1799,23,M,75,11412,1,687,1,37398,64,1,0
1800,61,F,34,13139,1,684,1,66736,15,0,0
1801,62,F,33,26038,3,721,1,66173,64,0,0
1802,49,M,26,13561,3,731,0,78694,6,0,0
1803,62,M,66,25888,2,727,0,69479,7,1,0
1804,64,M,63,34882,2,674,1,92638,55,1,0
1805,38,M,87,7729,1,704,0,57404,3,1,0
1806,33,M,41,16230,1,654,1,49275,42,0,0
1807,71,F,86,20318,2,741,1,100794,48,0,0
1808,38,M,58,16552,1,629,0,44598,14,1,0
1809,28,F,98,7741,1,704,1,37297,70,0,0
1810,54,M,79,21186,2,681,1,68229,66,0,0
1811,53,F,10,12964,1,728,0,60740,8,0,0
1812,52,F,15,8731,4,705,1,67301,37,0,0
1813,36,F,42,6765,1,733,1,56479,31,0,0
1814,37,F,93,12516,3,668,1,62925,40,2,0
1815,74,F,57,31219,1,763,1,99291,32,0,0
1816,35,F,87,9235,1,696,1,35280,60,1,1
1817,64,M,17,29620,2,714,1,101780,45,2,1
1818,58,F,60,13332,2,712,1,89589,23,0,0
1819,66,M,9,16885,2,662,1,77278,49,1,0
1820,31,F,114,3494,1,682,1,53318,74,0,0
1821,32,F,36,17609,1,653,0,52385,4,0,0
1822,48,M,73,25610,2,706,1,64597,66,0,0
1823,18,F,80,4978,1,602,0,25874,11,2,1
1824,70,M,36,4031,1,649,0,74868,3,1,0
1825,71,M,48,11118,2,713,0,101598,8,1,0
1826,71,M,51,25400,1,684,1,91242,72,0,0
1827,20,M,97,12107,1,707,1,45820,78,0,0
1828,33,F,119,16563,1,699,1,50846,44,0,0
1829,40,F,95,8132,4,674,1,58561,43,2,0
1830,74,M,70,30158,1,679,1,95054,24,0,0
1831,28,F,74,16899,3,698,1,58112,53,0,0
1832,29,F,80,7953,1,699,1,48796,69,0,0
1833,27,M,68,12291,2,692,0,51018,5,1,0
1834,49,F,118,6160,1,660,0,60659,13,1,1
1835,33,M,22,11083,1,702,1,53180,55,0,0
1836,25,M,77,9112,2,641,1,25423,79,1,1
1837,55,F,80,12360,2,686,0,62608,2,2,1
1838,29,F,116,10204,2,626,0,29676,4,1,1
1839,41,F,93,15456,2,667,1,60238,23,0,0
1840,45,M,6,8436,1,687,0,72006,10,3,1
1841,70,M,26,26558,1,676,1,104810,74,1,1
1842,25,F,75,7795,1,655,1,34325,42,0,0
1843,45,F,88,8671,3,681,1,45753,17,1,1
1844,53,F,93,7637,1,663,0,83131,4,2,1
1845,43,F,3,11672,3,704,1,59596,22,0,0
1846,25,M,52,1756,1,678,1,23275,73,0,0
1847,67,F,74,6693,2,666,1,79147,75,0,0
1848,45,M,60,8766,1,658,1,44824,72,1,0
1849,45,M,63,9080,1,651,0,57880,2,1,1
1850,54,F,65,20896,2,686,1,55881,23,1,0
1851,58,F,52,12908,2,718,1,71117,63,1,0
1852,53,F,107,23733,3,728,1,75283,31,0,0
1853,44,M,90,14059,2,662,0,59676,3,2,1
1854,71,F,76,24742,2,727,1,83466,58,1,0
1855,34,F,14,5921,3,674,1,41983,46,0,0
1856,26,M,89,16047,2,699,0,42266,13,0,1
1857,50,F,72,14809,2,657,0,62877,7,1,0
1858,70,M,107,28635,1,722,1,83982,68,1,1
1859,37,F,68,7709,1,617,0,43368,11,4,1
1860,30,M,28,4475,2,640,0,52598,2,2,1
1861,45,F,71,16759,3,608,0,58639,14,3,1
1862,65,F,10,3831,1,711,1,72674,35,0,0
1863,46,M,115,10713,1,728,1,49516,62,0,0
1864,30,M,57,4193,2,666,1,35695,22,1,0
1865,63,F,100,26067,1,631,0,96694,2,3,1
1866,52,M,66,29298,2,696,1,74587,24,0,0
1867,23,M,90,3999,2,635,1,18814,66,0,0
1868,35,M,117,18803,1,693,1,55940,29,0,0
1869,68,M,50,22154,3,687,1,97285,18,0,0
1870,22,F,14,7238,2,705,0,32377,10,0,1
1871,64,F,16,34687,2,743,1,92338,18,0,0
1872,42,M,54,17483,1,649,0,48365,10,2,0
1873,19,M,43,7280,1,687,1,22397,69,0,0
1874,27,M,42,7706,3,671,0,50140,3,1,1
1875,73,M,81,20264,1,705,0,84169,1,2,1
1876,47,F,110,7481,1,712,0,58281,3,0,0
1877,67,F,22,21066,1,687,1,102577,16,1,1
1878,62,M,68,14264,1,653,0,64990,11,1,1
1879,22,M,19,14502,1,637,1,42519,42,1,1
1880,72,M,66,37930,1,744,1,104315,28,1,0
1881,73,F,39,15669,3,650,0,80308,11,1,1
1882,50,M,73,4052,2,709,1,72106,27,1,1
1883,71,F,19,32466,1,692,0,92331,0,1,0
1884,18,M,16,2015,2,687,1,18153,54,1,0
1885,35,F,54,13351,1,697,1,49881,44,0,0
1886,49,M,25,2948,2,665,0,50179,4,1,0
1887,64,F,112,17475,1,688,0,92055,5,3,1
1888,66,M,18,28829,1,628,0,72970,11,2,0
1889,28,M,23,3693,3,708,1,43326,63,0,0
1890,38,M,117,8861,1,713,1,44688,16,1,0
1891,43,F,85,11957,2,678,1,75914,28,0,0
1892,42,M,11,20815,1,698,1,56750,31,0,0
1893,39,F,39,25105,1,656,0,70863,9,2,1
1894,44,F,105,7813,2,703,1,58661,24,0,0
1895,66,M,68,6522,2,678,1,83173,51,0,0
1896,30,M,25,11796,1,636,0,43769,7,1,0
1897,50,M,63,11293,1,707,0,67326,7,2,0
1898,51,F,96,15398,1,704,0,53986,11,2,0
1899,58,M,30,3749,3,631,1,61220,32,3,1
1900,52,F,45,6961,1,745,1,71989,77,0,0
1901,18,F,90,4203,1,612,0,14482,2,1,1
1902,38,M,61,7475,3,690,1,60124,70,0,0
1903,65,M,100,27223,1,693,0,77745,4,1,1
1904,72,M,51,6505,1,652,1,92261,41,2,1
1905,23,M,98,5490,1,618,0,43771,3,2,1
1906,45,M,9,28044,2,646,1,70199,33,1,0
1907,34,M,76,6780,1,665,1,33637,37,0,0
1908,22,F,2,7401,1,662,1,24999,61,1,0
1909,48,F,102,7236,3,692,1,63511,65,0,0
1910,22,F,5,9735,1,686,0,36953,1,2,1
1911,55,M,62,24274,1,653,0,79813,11,1,1
1912,20,F,69,6966,1,640,0,43520,1,0,0
1913,70,F,52,35216,2,648,0,103541,10,3,1
1914,40,F,86,9987,3,651,1,38236,30,0,0
1915,54,F,5,15296,1,649,0,82150,3,2,1
1916,70,F,59,20974,1,649,0,85549,0,3,1
1917,54,M,68,20717,1,733,1,82253,26,1,1
1918,27,M,9,3811,1,689,1,35306,57,1,0
1919,27,F,93,7139,2,628,1,37388,43,1,0
1920,36,F,22,10369,1,659,0,60923,6,0,1
1921,34,F,27,12294,1,647,0,64600,14,1,1
1922,38,M,10,19942,2,724,1,63030,74,0,0
1923,31,M,80,13075,1,661,0,59735,12,1,0
1924,26,F,106,9152,2,634,0,24140,0,1,1
1925,63,M,106,13352,1,671,1,87393,56,1,1
1926,18,M,61,4665,3,692,1,23862,45,0,0
1927,68,F,51,25566,1,717,1,78561,36,0,0
1928,62,M,10,21917,3,706,0,90899,5,2,0
1929,30,M,6,13832,1,659,0,57283,7,2,0
1930,21,F,62,1087,2,631,1,15833,22,0,0
1931,18,M,113,3491,1,609,0,18422,8,2,1
1932,66,M,5,13776,2,695,1,95168,52,0,0
1933,57,F,70,31274,1,745,1,78230,67,0,0
1934,49,M,63,8613,2,651,1,54538,42,0,0
1935,51,M,56,19524,2,698,0,54298,8,0,1
1936,45,F,59,21182,2,655,0,73888,3,3,1
1937,48,F,63,9431,2,712,1,55697,61,0,0
1938,25,F,111,7960,1,631,1,33136,59,2,0
1939,56,M,89,22528,1,661,1,65453,32,0,0
1940,43,F,59,23996,2,680,0,66808,6,1,0
1941,51,M,51,5953,1,650,0,56087,4,2,1
1942,71,F,50,14300,1,690,1,84692,36,1,1
1943,71,M,4,12826,1,748,1,76654,59,0,0
1944,20,F,104,2040,1,647,1,31522,75,0,0
1945,67,F,48,19089,2,672,0,73592,12,1,0
1946,29,F,32,14168,2,686,1,40575,75,0,0
1947,18,F,51,4038,3,699,1,22002,50,0,0
1948,71,M,52,27278,1,716,1,88274,38,0,0
1949,61,F,99,21156,3,734,1,78445,46,0,0
1950,22,F,74,7683,2,668,0,42336,3,2,1
1951,47,M,34,7294,3,740,1,73402,19,0,0
1952,47,F,36,18517,2,696,0,62083,6,0,1
1953,74,M,70,31859,2,715,1,91260,25,0,0
1954,34,F,43,17775,1,651,1,61282,49,1,0
1955,65,F,110,4751,1,701,0,84447,5,2,1
1956,64,F,16,10624,1,670,1,84529,24,0,0
1957,40,M,59,4351,4,672,0,58545,11,2,1
1958,32,F,53,14130,4,647,1,56604,40,1,1
1959,54,F,19,20338,2,733,1,64614,17,0,0
1960,38,F,98,4390,3,648,0,49490,7,0,0
1961,31,M,89,9939,3,636,0,28940,2,0,0
1962,19,M,95,10491,2,709,1,42921,52,0,0
1963,28,F,113,10149,2,704,0,34818,10,1,1
1964,68,M,41,30285,1,742,1,77655,31,0,0
1965,56,F,81,6336,1,700,1,79905,50,0,0
1966,55,F,47,33152,1,708,1,90722,16,1,0
1967,51,F,94,5426,1,693,0,57639,11,2,1
1968,55,F,103,16301,2,681,1,86921,41,0,0
1969,67,F,54,36237,1,713,1,104129,51,1,1
1970,51,F,55,27323,3,669,0,74411,3,3,1
1971,35,F,95,14228,1,644,1,62614,28,1,0
1972,47,M,19,16508,1,659,1,64001,37,0,0
1973,32,M,62,16738,2,650,1,56196,58,1,0
1974,44,M,99,16666,2,662,0,48807,2,2,1
1975,68,M,93,8523,1,697,1,92114,75,3,1
1976,51,M,59,23005,2,666,0,68976,10,3,1
1977,69,M,65,16356,1,711,0,74876,4,1,0
1978,74,M,68,21634,3,679,1,104150,26,2,1
1979,55,F,28,14340,2,660,1,72292,29,0,0
1980,50,F,18,18603,1,716,0,81510,3,2,0
1981,41,F,26,25588,2,696,0,67200,8,0,0
1982,32,F,104,14218,3,647,0,58783,8,2,1
1983,47,M,19,22320,2,657,0,58185,1,0,0
1984,72,M,55,11452,2,673,0,101255,8,1,0
1985,59,F,119,25818,1,711,0,85081,8,0,0
1986,68,F,57,25553,3,689,1,76441,19,0,0
1987,34,M,6,17972,2,717,1,62468,44,1,0
1988,22,F,1,11368,2,725,1,43318,18,0,0
1989,46,F,8,15516,1,682,1,62643,29,0,0
1990,21,F,97,16670,3,713,0,47450,8,0,1
1991,27,F,51,8211,2,657,1,24322,69,1,0
1992,73,M,107,10169,3,770,1,109576,74,0,0
1993,34,F,85,14849,1,700,1,42791,38,0,0
1994,27,F,88,8798,1,650,1,45133,36,1,0
1995,34,M,25,4618,1,619,1,33273,58,1,1
1996,37,M,47,15066,1,660,1,42508,46,0,0
1997,41,F,55,13665,2,729,0,67915,10,0,0
1998,22,M,64,16184,2,700,1,48610,17,1,0
1999,51,F,107,12024,2,715,1,84562,46,0,0
2000,23,F,83,1155,2,629,1,22489,16,2,1
2001,70,M,93,21899,1,687,1,98021,73,0,0
2002,19,F,117,1788,1,652,0,21012,3,0,1
2003,30,F,10,18205,3,640,0,57971,2,3,1
2004,60,F,56,9560,2,729,1,65201,25,0,0
2005,60,F,12,17725,2,756,1,86346,24,0,0
2006,65,M,33,6575,1,717,1,81715,72,2,0
2007,28,M,71,4402,2,633,0,29281,10,0,0
2008,68,F,17,28573,1,657,0,88320,9,2,1
2009,64,M,61,7056,2,732,1,68467,42,0,0
2010,74,F,10,29573,4,664,1,106952,32,2,0
2011,40,F,31,17146,2,647,1,46204,40,0,0
2012,72,F,60,29064,1,709,1,100937,21,1,0
2013,33,F,70,13627,2,649,1,40817,59,0,0
2014,48,F,17,7169,1,672,0,81341,12,1,0
2015,28,M,50,6096,1,717,1,44254,49,0,0
2016,71,F,37,27815,3,710,1,76608,66,1,1
2017,33,M,82,14495,1,727,1,48272,35,0,0
2018,25,M,62,5810,3,657,1,21218,42,0,0
2019,21,F,90,12790,1,690,1,45305,58,0,0
2020,57,F,113,12185,2,638,0,62498,7,1,1
2021,21,F,118,1497,2,714,1,22819,24,0,0
2022,73,F,80,29060,1,701,0,89539,11,3,1
2023,42,F,72,16858,2,706,1,58626,62,0,0
2024,20,M,88,8473,4,692,0,39322,12,1,1
2025,49,F,77,23967,2,677,0,65678,1,2,1
2026,20,F,29,3447,2,702,1,20560,69,0,0
2027,44,M,32,11032,4,699,0,72099,3,0,0
2028,46,M,88,18749,1,665,1,52743,64,0,0
2029,49,F,80,23929,1,667,1,72746,20,0,0
2030,67,M,11,23517,1,719,0,102140,5,1,1
2031,68,F,96,7551,2,686,1,78853,76,0,0
2032,36,M,6,5885,2,681,1,46975,69,1,0
2033,38,M,35,19134,2,692,1,68413,53,0,0
2034,22,F,33,8136,3,724,0,44032,1,0,0
2035,35,M,18,11674,2,662,0,34057,7,2,0
2036,45,M,37,29616,1,677,0,77431,13,2,1
2037,59,M,13,26297,1,685,0,79213,11,2,1
2038,39,M,74,12208,3,684,0,67025,1,1,0
2039,38,M,101,12486,1,702,1,38296,24,0,0
2040,23,M,90,5830,2,635,1,33701,66,0,0
2041,18,F,110,2216,1,673,1,20431,71,1,1
2042,22,F,81,2187,1,660,1,35447,17,1,0
2043,58,M,64,11952,2,669,0,64604,2,3,1
2044,29,F,1,17399,1,695,0,47505,12,2,1
2045,43,F,63,8434,3,706,0,63109,3,2,1
2046,63,F,89,9814,1,702,0,80262,12,3,1
2047,51,M,34,20093,2,632,1,51594,53,1,1
2048,66,F,103,4684,2,727,1,79724,62,0,0
2049,31,M,10,19598,2,711,0,60297,8,0,1
2050,43,F,84,11093,3,714,0,68273,6,2,0
2051,62,M,7,5148,1,665,1,81556,18,0,0
2052,44,M,56,16499,1,647,1,44445,18,0,0
2053,26,F,80,4968,1,669,0,50249,14,2,1
2054,43,F,37,12500,3,688,1,51415,31,0,0
2055,74,M,29,11768,4,665,1,80648,68,1,0
2056,64,F,12,7364,1,694,0,101129,13,2,1
2057,74,F,17,7580,2,710,0,112341,12,1,1
2058,39,F,48,3990,1,679,1,44111,19,0,0
2059,64,M,84,6625,1,727,1,88363,61,1,0
2060,73,M,26,29344,2,744,1,92803,54,1,0
2061,47,F,112,12249,1,706,0,55690,12,2,1
2062,60,F,83,16460,1,716,0,96818,4,1,1
2063,65,F,111,16722,2,692,1,85131,39,1,0
2064,34,M,12,22862,2,684,1,60943,42,0,0
2065,43,M,21,24379,1,676,0,66109,13,1,0
2066,53,F,42,22790,2,726,1,75844,61,0,0
2067,18,F,61,13845,2,675,1,38498,63,0,0
2068,25,F,58,8803,1,680,1,54383,68,1,0
2069,66,F,54,16384,2,739,1,89338,32,1,0
2070,52,F,34,15333,1,704,1,57906,41,1,0
2071,69,F,7,25058,1,750,1,93405,20,0,0
2072,32,M,109,9062,1,666,1,41454,36,1,0
2073,64,F,35,18078,3,698,0,95031,5,3,1
2074,73,M,15,36142,1,688,1,91461,61,0,0
2075,39,F,65,16325,1,628,0,48387,5,2,0
2076,31,F,90,8234,1,701,1,40715,15,0,0
2077,43,M,99,19271,1,698,0,63275,11,2,1
2078,45,M,25,8747,2,705,0,60600,12,0,0
2079,40,M,106,5605,1,678,0,65892,8,1,1
2080,31,M,59,7791,2,635,0,44943,13,3,1
2081,41,F,79,8210,2,643,1,42974,22,0,0
2082,19,M,86,1930,2,686,1,34601,46,1,0
2083,62,F,6,31256,1,746,1,93253,44,0,0
2084,43,M,52,8088,1,712,0,46029,5,0,1
2085,31,F,79,8052,1,625,0,31806,3,3,1
2086,73,F,88,6229,2,659,0,82078,10,3,1
2087,68,F,21,9999,1,632,0,89880,3,3,1
2088,24,F,71,8394,2,617,1,23227,54,1,0
2089,20,F,93,5093,1,665,0,19361,8,0,0
2090,64,F,96,35304,1,713,0,92275,11,1,0
2091,40,M,32,15439,1,671,0,38641,10,2,0
2092,63,F,53,15733,1,620,0,87330,2,4,1
2093,60,M,59,12848,3,668,1,83113,62,1,0
2094,64,M,69,30421,1,670,1,86811,73,3,0
2095,62,F,62,33583,3,715,0,84059,9,2,1
2096,35,M,4,14413,2,696,0,53309,0,2,1
2097,55,F,86,24520,3,691,0,74688,7,3,1
2098,52,M,18,26075,1,662,0,80576,2,2,1
2099,68,F,99,13068,3,724,0,74943,13,0,1
2100,32,M,81,7644,1,661,1,30456,68,3,0
2101,42,F,114,20355,2,677,1,59592,48,2,1
2102,72,F,114,29048,1,728,1,99876,21,0,0
2103,54,F,56,3686,1,703,1,64216,76,0,0
2104,45,F,24,7534,2,704,1,44886,71,1,0
2105,27,M,66,3116,2,645,1,30984,19,1,0
2106,56,F,13,11176,1,665,1,84966,49,1,0
2107,74,M,62,35823,1,694,1,97630,51,0,0
2108,34,M,54,3214,2,603,0,51089,4,3,1
2109,56,M,15,8724,1,646,1,68730,79,1,0
2110,39,F,69,6396,1,638,1,40391,30,1,0
2111,43,M,3,18598,3,711,1,69942,44,0,0
2112,61,M,37,20044,4,740,1,84595,56,0,0
2113,42,M,37,7222,3,737,1,57138,75,0,0
2114,34,F,101,3593,2,646,0,33431,10,2,1
2115,30,F,3,5834,1,636,1,43905,76,2,1
2116,37,M,63,12075,4,679,0,53456,7,1,1
2117,42,F,35,9267,1,593,0,63946,13,4,1
2118,21,F,52,15730,1,720,0,41214,1,0,0
2119,27,M,87,6341,2,681,1,29863,42,1,0
2120,20,M,28,1114,1,666,0,15780,13,2,1
2121,58,F,94,26161,2,675,0,85707,0,1,0
2122,62,M,18,15847,1,720,1,95987,62,0,0
2123,35,F,116,15878,1,691,0,56968,7,0,1
2124,64,F,36,14844,2,718,1,100393,31,1,1
2125,53,F,33,19296,1,696,1,77260,54,0,0
2126,64,F,64,22160,1,627,0,69195,1,2,1
2127,39,F,26,25729,1,642,1,68648,43,2,0
2128,51,F,48,9470,1,672,0,66979,0,2,0
2129,64,M,40,12087,1,635,1,72292,56,2,1
2130,25,M,17,10566,3,700,1,49722,43,0,0
2131,57,F,40,24535,1,667,1,65511,31,0,0
2132,66,F,7,28941,3,678,1,79184,45,0,0
2133,61,F,57,7756,1,680,0,95216,5,1,0
2134,36,M,8,5851,1,685,0,60840,7,2,0
2135,59,F,117,15102,1,709,1,67592,74,1,1
2136,58,M,56,7555,1,678,1,86524,65,1,0
2137,54,F,31,14937,1,704,1,87377,30,0,0
2138,23,F,59,2580,1,674,1,25311,28,0,0
2139,69,M,58,25302,1,719,1,92812,56,1,0
2140,43,M,12,29031,1,693,1,75933,65,0,0
2141,51,F,48,22055,2,648,0,55296,9,1,1
2142,73,F,31,14256,4,710,1,78619,57,1,1
2143,62,F,108,23034,1,727,1,88712,33,1,0
2144,23,M,83,9468,2,656,0,27076,13,1,1
2145,54,M,63,5745,2,653,1,63054,77,1,0
2146,74,M,74,32403,1,742,1,111219,40,0,0
2147,50,M,39,11892,3,648,1,61584,49,1,1
2148,70,M,76,9768,4,684,0,79965,0,2,1
2149,39,M,20,9217,1,671,0,48264,2,2,0
2150,38,F,101,3679,2,683,1,48039,43,0,0
2151,23,F,48,14835,2,691,1,50563,20,1,0
2152,23,M,105,6375,1,675,0,46040,1,2,1
2153,72,F,71,12667,1,666,0,79673,8,2,0
2154,65,F,116,7698,3,751,1,83330,66,0,0
2155,21,M,54,12939,2,674,0,36694,10,2,1
2156,47,F,78,12758,1,666,1,57286,48,3,1
2157,28,M,75,6710,1,644,1,26812,21,1,0
2158,47,M,71,16031,3,663,0,64305,12,0,0
2159,48,F,29,13491,1,731,1,69658,50,0,0
2160,41,M,74,4728,2,654,0,40280,6,0,0
2161,72,M,93,33900,1,660,0,109075,3,2,1
2162,26,M,73,4082,1,711,1,43207,77,0,0
2163,72,M,100,8075,1,688,1,93505,44,0,0
2164,20,M,48,13220,1,688,1,44279,44,0,0
2165,68,M,74,11022,1,692,1,89546,36,1,0
2166,48,M,83,7591,2,652,0,48239,6,2,0
2167,57,M,56,15338,2,621,0,70902,12,3,1
2168,54,F,95,17237,1,676,0,83163,3,0,0
2169,53,F,17,17086,2,726,0,57336,12,0,0
2170,41,F,9,14932,1,646,0,55673,7,1,1
2171,48,M,109,22489,1,661,0,81619,1,2,1
2172,23,M,97,11603,1,638,1,38687,74,0,0
2173,19,F,34,6293,1,657,1,41289,46,1,0
2174,37,F,45,8747,4,709,1,53725,41,0,0
2175,45,F,88,9000,2,685,1,44271,17,0,0
2176,28,M,9,6622,1,718,0,42014,12,0,1
2177,21,F,7,15560,2,644,0,39420,13,2,1
2178,32,F,16,12656,1,657,1,37787,36,1,1
2179,23,M,19,3108,1,672,1,28879,33,0,0
2180,71,F,103,5340,1,698,0,102784,12,2,1
2181,66,M,6,5202,2,717,1,80057,34,2,0
2182,47,M,114,7374,1,656,1,54452,33,1,1
2183,73,M,115,8514,3,708,1,94595,16,0,0
2184,55,F,11,16467,1,694,0,69580,4,2,1
2185,68,F,76,31471,1,669,1,89840,53,0,0
2186,74,M,61,29773,4,726,1,96710,68,0,0
2187,19,F,42,2888,1,615,1,23016,41,1,0
2188,32,F,13,10116,2,666,1,53311,26,1,0
2189,28,F,12,13316,2,634,1,58466,31,1,1
2190,25,F,85,11821,3,701,1,35438,24,0,0
2191,43,M,74,17001,1,731,0,49465,12,0,0
2192,68,F,20,32477,1,708,1,88157,44,0,0
2193,62,M,50,17485,2,696,1,76611,44,1,1
2194,61,M,36,28265,2,705,1,96468,39,1,0
2195,22,F,92,1787,2,635,0,20046,10,0,0
2196,23,M,88,10292,1,697,0,41524,1,1,0
2197,43,F,69,7059,1,682,1,51510,41,2,1
2198,71,F,37,15480,2,726,1,76978,24,0,0
2199,21,M,12,9420,1,691,1,34641,57,0,0
2200,36,M,99,5372,1,672,1,38390,69,2,0
2201,37,M,40,3393,1,701,1,49704,20,0,0
2202,50,M,54,4141,1,670,1,77289,20,0,0
2203,37,F,2,2261,2,633,1,39147,62,1,0
2204,66,F,50,4154,2,648,1,78486,16,1,0
2205,29,F,41,2202,1,700,1,24845,65,1,0
2206,64,M,45,12919,1,643,0,96542,3,3,1
2207,18,M,103,2467,2,652,1,19358,33,1,0
2208,43,M,106,25714,1,709,1,65037,16,0,0
2209,31,F,9,7350,2,650,0,46785,11,0,0
2210,55,M,62,8440,2,660,0,89223,11,2,1
2211,54,F,86,15578,3,726,0,64654,10,1,0
2212,28,M,47,14344,2,685,0,40949,4,2,1
2213,53,F,5,24219,1,742,0,84292,11,0,0
2214,30,F,76,7274,2,648,1,47348,29,0,0
2215,60,M,1,23743,1,694,1,96296,20,0,0
2216,20,M,44,10043,1,716,1,33455,49,0,0
2217,50,F,22,19292,1,643,0,63288,12,2,0
2218,23,F,38,6795,1,639,0,23987,6,2,1
2219,67,M,115,37002,1,718,1,104294,64,0,0
2220,73,M,19,35672,1,668,0,100616,2,2,1
2221,27,F,80,13292,2,659,1,52615,35,1,1
2222,22,M,31,6515,4,692,1,32502,50,0,0
2223,40,F,115,11367,1,709,1,41404,72,0,0
2224,27,F,67,7570,2,639,0,22506,8,2,1
2225,61,M,87,4075,1,696,1,78395,30,0,0
2226,19,M,42,15869,3,672,0,39953,11,3,1
2227,30,M,82,6340,1,688,1,55605,66,0,0
2228,57,M,26,13729,3,626,1,63980,16,2,0
2229,19,M,13,6465,1,618,0,18200,11,2,1
2230,37,F,58,8376,2,677,0,65049,12,3,1
2231,18,F,18,9130,1,654,0,42096,6,3,1
2232,54,M,67,7272,1,646,1,75437,15,3,0
2233,26,M,87,5154,1,605,0,27377,9,2,1
2234,34,M,3,4264,1,704,1,38069,35,1,0
2235,26,F,55,6413,2,621,0,36174,1,2,1
2236,28,M,89,6801,2,712,1,37637,18,0,0
2237,32,M,91,18750,1,655,1,47156,72,0,0
2238,41,F,58,22046,4,656,1,55367,15,1,0
2239,55,F,108,7143,1,699,1,79218,27,1,0
2240,72,M,63,30885,4,720,0,101567,14,0,0
2241,52,M,91,4020,1,665,0,59017,4,1,1
2242,47,M,52,4115,3,682,1,67934,21,0,0
2243,48,F,103,6346,1,636,0,73059,0,4,1
2244,66,M,89,34813,2,700,1,89742,17,0,0
2245,22,M,24,6335,1,667,0,16703,6,2,1
2246,61,M,72,10957,2,749,0,92956,6,0,0
2247,67,F,9,8855,2,652,0,83083,14,2,0
2248,31,F,110,8037,1,718,1,59895,76,0,0
2249,70,M,37,19593,4,631,0,85025,11,3,1
2250,73,M,94,24563,4,691,1,98490,69,1,1
2251,28,F,117,5398,4,657,0,42315,2,0,0
2252,26,F,83,8110,4,651,1,25761,58,1,0
2253,51,F,53,13308,2,628,0,84047,1,3,1
2254,29,F,80,19460,4,678,1,52207,44,0,0
2255,52,F,24,20704,3,712,1,73980,22,1,0
2256,52,F,108,12684,1,728,0,62569,4,0,1
2257,18,F,21,9375,2,634,1,28716,76,1,0
2258,57,F,100,27051,3,641,1,80443,77,3,0
2259,39,F,40,5904,2,651,1,38924,54,0,0
2260,46,M,103,8846,1,646,1,52376,27,1,0
2261,25,M,111,17284,1,651,0,45774,4,0,0
2262,28,M,62,4551,2,653,1,42276,29,0,0
2263,58,F,70,5463,4,669,0,84360,10,0,0
2264,54,M,69,11657,1,735,0,55797,6,0,1
2265,31,F,14,13322,1,639,1,40317,27,2,1
2266,47,F,117,18447,1,693,0,57631,5,0,0
2267,52,M,109,30547,2,738,1,82151,50,0,0
2268,38,F,42,10184,1,699,1,43040,57,1,0
2269,54,M,50,6352,2,674,1,74711,64,1,1
2270,22,M,61,8195,4,640,1,32008,27,1,0
2271,36,M,4,20270,2,694,0,62865,13,2,1
2272,31,F,72,4493,1,639,0,54357,10,2,1
2273,43,M,88,7772,3,690,1,70379,44,2,0
2274,21,F,75,2453,2,649,0,45168,8,1,1
2275,42,M,17,17474,1,667,0,67787,8,1,1
2276,62,M,114,24681,1,675,0,68490,11,1,0
2277,59,M,85,24414,2,748,1,85745,17,0,0
2278,42,F,57,17380,2,629,1,44143,48,1,0
2279,35,F,90,4534,3,686,0,62924,8,2,1
2280,57,F,107,25110,1,721,1,68596,28,0,0
2281,25,M,48,15500,1,681,0,46279,6,2,1
2282,56,M,44,9683,1,667,0,60524,5,2,0
2283,57,F,45,30493,2,744,1,78041,68,0,0
2284,31,F,91,8245,2,700,1,54682,16,1,0
2285,49,F,80,29549,1,741,1,81794,57,0,0
2286,68,F,119,30976,1,703,0,86463,6,2,1
2287,55,F,90,25249,4,680,1,80111,17,2,0
2288,50,F,117,13152,3,709,1,53199,55,0,0
2289,40,M,33,4223,1,683,1,45897,22,0,0
2290,32,F,31,10225,2,700,1,43292,77,0,0
2291,50,M,112,10190,2,693,1,58271,79,0,0
2292,42,M,47,21343,1,656,1,65215,18,1,0
2293,34,F,6,20232,1,715,1,64157,24,0,0
2294,50,F,108,21958,1,731,1,59552,64,0,0
2295,64,M,72,4585,1,737,1,83067,37,0,0
2296,72,F,71,31542,2,728,1,94668,75,1,0
2297,19,F,34,10242,1,677,1,27063,61,0,0
2298,31,M,108,10636,1,663,0,32599,3,2,1
2299,70,M,53,9921,2,719,0,103811,9,0,0
2300,57,M,14,6857,1,674,1,87406,36,0,0
2301,57,F,16,3408,2,657,1,59476,30,0,0
2302,68,M,43,21290,1,665,1,78835,17,0,0
2303,56,F,116,21745,1,751,0,80421,13,0,1
2304,68,M,73,34804,4,716,1,88017,47,0,0
2305,23,M,74,9492,1,688,0,50139,7,2,1
2306,23,M,81,8675,2,634,1,52209,16,1,0
2307,20,F,12,12864,1,722,1,47902,53,0,0
2308,24,F,70,14387,3,658,1,42445,60,0,0
2309,68,M,19,35249,2,686,1,93282,62,0,0
2310,25,M,107,14370,1,689,1,43401,41,1,1
2311,59,M,41,13669,2,705,1,68571,29,1,0
2312,69,F,53,22244,1,719,0,81715,1,0,0
2313,32,M,29,14792,4,690,1,42298,71,1,0
2314,64,F,70,15235,1,686,1,68713,56,0,0
2315,46,M,59,9094,2,723,1,72268,23,0,0
2316,50,M,89,5683,1,657,0,51942,1,1,0
2317,69,M,64,4665,2,722,1,93188,71,1,0
2318,47,M,24,19323,4,640,0,64115,7,3,1
2319,56,M,89,5114,3,659,1,57537,69,1,0
2320,44,M,16,8967,1,698,1,66250,68,1,0
2321,53,F,52,9820,2,690,1,63657,41,0,0
2322,46,M,80,17946,1,701,1,72913,73,0,0
2323,55,F,6,12300,1,704,0,64983,0,2,1
2324,74,M,37,28269,1,710,0,98795,14,0,1
2325,50,M,85,5286,1,648,1,76092,16,2,1
2326,54,F,4,6251,2,683,1,66945,28,1,0
2327,44,M,98,14897,1,722,0,66289,12,1,1
2328,72,F,92,18043,2,686,1,107436,64,1,0
2329,50,F,38,12223,1,670,1,79613,32,1,0
2330,21,M,41,3209,1,712,1,43684,32,1,1
2331,39,F,92,14349,2,662,1,39473,30,0,0
2332,19,F,81,13932,1,712,0,47690,4,0,0
2333,27,M,14,3182,1,590,0,34377,13,4,1
2334,22,F,71,2901,1,676,1,39866,45,0,0
2335,27,M,86,19329,1,667,1,49409,37,0,0
2336,50,M,51,15484,2,672,1,53688,56,0,0
2337,71,M,65,15482,1,725,1,78948,76,0,0
2338,55,M,93,20593,1,708,1,69665,64,1,0
2339,30,F,52,14679,3,720,1,46641,29,0,0
2340,48,M,95,25871,4,713,1,80100,58,0,0
2341,64,M,30,18691,1,740,1,86030,56,0,0
2342,53,F,57,15765,2,709,1,78646,59,0,0
2343,62,M,79,3988,1,623,0,74038,13,3,1
2344,41,M,82,22468,1,707,1,60027,36,1,1
2345,69,F,99,24542,1,695,0,93973,3,1,1
2346,73,F,114,10999,2,688,1,90822,78,0,0
2347,32,F,30,17290,1,673,1,46495,21,2,0
2348,46,F,98,17267,3,659,1,46639,58,0,0
2349,25,F,42,15854,1,681,0,40014,10,2,0
2350,22,F,11,7750,1,670,0,21775,0,1,1
2351,46,F,27,27422,2,667,0,68687,0,0,0
2352,64,M,24,12547,1,695,1,92502,76,0,0
2353,21,F,99,12343,1,691,0,35800,0,2,1
2354,29,F,39,9218,1,669,1,27266,21,0,0
2355,62,F,72,9332,1,695,1,71328,68,0,0
2356,19,M,115,2980,1,662,1,35280,24,0,0
2357,44,M,18,20390,1,633,1,51911,75,1,0
2358,48,F,77,11842,1,711,0,77089,13,2,0
2359,68,F,45,28741,1,666,1,81004,73,1,1
2360,68,F,88,5414,4,700,1,105239,77,0,0
2361,53,M,115,3796,1,709,0,66182,1,2,1
2362,53,M,87,11604,1,695,1,54463,69,0,0
2363,43,F,12,9253,4,661,0,69284,10,0,0
2364,60,M,49,18960,2,702,1,65055,15,0,0
2365,44,F,94,13634,1,725,1,54986,70,0,0
2366,22,M,31,1472,1,672,0,19082,0,1,1
2367,37,M,92,6012,2,647,1,56232,37,0,0
2368,28,F,22,7544,1,693,1,40597,30,0,0
2369,27,F,44,6557,2,662,1,57040,30,1,0
2370,57,F,92,22826,4,698,1,69746,70,1,0
2371,55,F,64,12361,2,703,1,63189,20,0,0
2372,23,M,77,3256,1,657,0,39370,5,1,1
2373,25,M,25,4444,2,640,0,20244,10,2,1
2374,40,M,108,5790,2,728,0,70788,6,1,0
2375,64,F,51,9190,2,674,1,96605,65,0,0
2376,43,M,110,7432,1,665,1,55517,60,0,0
2377,63,F,7,25038,2,702,1,71367,35,0,0
2378,60,M,109,33771,2,736,1,90390,52,0,0
2379,29,F,6,11888,4,619,0,35047,13,1,1
2380,43,F,24,7531,2,650,0,45115,2,3,1
2381,30,M,19,8820,1,651,0,60678,2,1,0
2382,57,F,83,19538,2,744,0,80666,6,0,0
2383,35,F,100,12938,1,701,0,42750,14,1,0
2384,42,M,115,27831,2,647,1,69983,23,2,1
2385,50,F,9,5578,1,644,0,58076,12,2,1
2386,64,F,112,5703,1,705,0,84806,2,1,1
2387,57,F,36,21523,2,674,0,73451,10,1,1
2388,60,M,102,22632,1,713,0,66314,4,0,1
2389,29,M,40,18512,2,712,1,53470,51,1,1
2390,61,F,93,18747,2,665,1,65215,66,1,0
2391,53,M,24,24507,1,679,1,63836,27,0,0
2392,65,F,48,21596,1,730,1,94367,20,1,1
2393,21,F,63,11669,3,699,0,31552,0,1,1
2394,22,F,69,10397,1,651,1,26746,62,0,0
2395,73,F,53,35605,2,762,0,102756,14,0,0
2396,54,F,54,10905,2,702,0,68835,7,2,0
2397,25,M,42,4285,3,689,0,36108,2,2,1
2398,59,F,119,15394,2,662,0,63653,14,1,1
2399,66,M,45,18315,2,712,0,87820,2,2,1
2400,45,M,90,17209,3,682,0,48176,3,2,1
2401,48,F,14,7015,2,681,1,82523,41,0,0
2402,26,F,103,6607,2,722,0,47120,12,0,0
2403,71,M,29,25686,1,670,0,82029,5,0,0
2404,68,M,116,8845,1,720,1,106254,63,1,0
2405,46,M,6,11412,2,719,0,70330,6,0,0
2406,31,F,7,6602,2,637,0,35591,0,1,0
2407,57,M,37,20823,1,698,1,77724,56,0,0
2408,58,F,53,6311,1,678,0,59906,12,3,1
2409,39,F,18,23652,2,651,0,67343,3,4,1
2410,28,F,87,6374,1,645,1,30844,15,0,0
2411,40,M,108,16549,1,674,0,44611,6,1,1
2412,18,F,38,7333,1,658,1,34306,18,0,0
2413,63,F,59,12385,2,716,1,84676,28,0,0
2414,54,F,1,8753,1,712,0,87843,0,2,1
2415,38,F,68,2097,1,637,1,40871,48,1,1
2416,43,F,115,11560,1,698,1,48931,15,2,0
2417,63,M,44,6751,1,720,0,77153,13,0,1
2418,53,F,47,15893,2,726,1,84940,36,1,0
2419,71,F,35,22235,2,691,0,86773,5,1,1
2420,40,M,87,8703,1,700,1,59409,36,1,0
2421,74,F,91,11048,1,662,0,99234,4,1,0
2422,18,M,60,11582,3,681,1,36064,30,0,0
2423,71,F,90,36560,1,709,0,95862,9,1,1
2424,72,M,52,8058,2,696,1,94628,56,0,0
2425,68,M,8,8251,1,745,0,78986,14,0,0
2426,57,F,107,25191,1,734,1,65262,34,0,0
2427,32,F,80,3455,1,723,1,54652,16,0,0
2428,38,F,41,17682,2,706,1,45087,21,1,0
2429,64,M,3,4203,1,650,1,81404,63,1,0
2430,26,M,96,13743,1,699,1,38627,23,0,0
2431,70,M,69,15946,1,681,1,101201,41,1,0
2432,26,F,84,9176,1,629,1,24242,16,2,1
2433,27,M,14,5276,1,626,0,32786,5,3,1
2434,69,M,96,23574,1,706,1,84492,63,0,0
2435,74,F,26,7335,1,731,1,94025,16,1,0
2436,70,M,111,12227,2,677,1,90693,31,1,1
2437,43,M,70,15482,2,679,1,48261,34,0,0
2438,58,F,58,18300,1,704,0,77861,1,0,0
2439,52,M,100,29900,1,684,0,79778,10,3,1
2440,69,F,40,18810,2,733,1,94019,56,0,0
2441,42,F,51,18550,1,640,1,52337,77,1,1
2442,43,F,5,8781,1,652,1,42394,75,1,1
2443,28,F,77,11934,2,701,1,30386,76,1,0
2444,55,F,32,32046,3,729,1,83032,17,0,0
2445,19,M,80,6480,1,646,0,39227,11,2,1
2446,24,M,1,13020,1,638,1,36158,62,1,0
2447,35,F,77,21420,3,641,1,61790,22,1,1
2448,44,F,54,7848,1,711,0,63421,4,1,0
2449,51,M,11,21363,3,666,1,79565,25,0,0
2450,44,F,53,4224,1,641,1,55989,56,1,0
2451,34,F,8,14404,1,643,0,42013,4,3,1
2452,60,F,25,7693,2,693,0,69248,6,0,1
2453,61,M,40,5053,4,640,1,67569,62,1,0
2454,68,M,32,15140,3,625,0,79650,14,3,1
2455,71,F,88,26151,1,759,1,103805,69,0,0
2456,41,F,28,19067,2,713,1,54598,75,1,1
2457,42,M,78,28720,2,720,1,73455,46,0,0
2458,24,M,109,4483,2,656,1,21995,60,0,0
2459,69,F,3,6991,2,659,0,98251,12,2,1
2460,23,F,100,7820,1,656,1,25050,32,0,0
2461,70,M,91,19063,1,666,0,76925,2,1,0
2462,41,M,84,11106,4,647,1,53715,26,0,0
2463,50,M,111,8752,3,696,0,55310,1,1,1
2464,66,F,79,22814,1,711,1,101017,69,0,0
2465,46,M,62,12237,1,668,0,72608,5,2,0
2466,60,F,27,25599,4,692,0,81280,12,2,1
2467,39,M,117,12957,1,645,0,53905,8,1,0
2468,43,M,45,21466,2,705,0,60147,2,0,0
2469,45,M,105,13159,1,690,1,54774,33,0,0
2470,67,M,92,11453,3,695,0,85857,8,2,0
2471,38,F,25,13769,1,685,1,39580,56,0,0
2472,66,F,106,22073,1,739,1,90086,31,1,1
2473,24,M,61,3718,1,641,1,30376,77,0,0
2474,34,F,44,16815,3,662,0,62691,6,0,1
2475,37,M,110,11854,2,657,0,67662,13,2,1
2476,58,M,97,20922,2,718,1,60547,22,1,0
2477,66,M,46,14444,1,674,0,69222,10,2,1
2478,37,M,14,10810,3,638,0,35528,1,1,1
2479,71,F,8,7441,2,713,1,89186,33,1,0
2480,39,M,48,13037,2,707,1,69122,38,0,0
2481,45,M,14,23711,4,703,1,60160,38,0,0
2482,57,F,65,22711,1,693,0,68208,13,0,1
2483,66,M,80,10472,2,723,1,98812,32,0,0
2484,24,M,82,5966,3,685,0,40525,11,1,0
2485,18,M,7,3077,2,662,0,18598,13,3,1
2486,49,F,79,20050,2,683,1,72218,62,0,0
2487,30,M,88,13870,1,694,0,44040,5,1,0
2488,47,F,49,20913,2,630,0,66957,5,2,1
2489,40,M,115,13667,2,705,0,59825,6,1,1
2490,68,M,55,26903,1,724,1,80598,53,0,0
2491,73,F,13,18958,3,761,1,93402,47,0,0
2492,36,M,73,4142,1,726,1,44367,38,0,0
2493,49,M,56,15383,1,644,1,62138,75,2,1
2494,47,F,56,21907,2,657,0,57153,3,2,0
2495,46,F,15,16765,1,689,1,51184,75,2,0
2496,66,F,57,22248,1,714,0,88095,3,0,0
2497,62,F,58,17899,1,660,0,64762,3,0,1
2498,46,F,35,18279,1,695,1,48654,15,0,0
2499,47,M,88,13475,1,662,1,67404,39,0,0
2500,33,F,97,7835,1,643,0,47201,11,0,0
2501,57,M,16,24992,1,705,0,63749,4,0,1
2502,36,M,8,15232,1,628,0,43247,8,2,1
2503,35,M,93,6482,2,668,0,39750,2,1,1
2504,18,F,87,8704,3,668,1,40993,65,1,0
2505,31,F,45,9698,2,730,1,49663,62,0,0
2506,68,M,95,8277,2,700,1,80999,54,2,0
2507,64,F,40,31006,1,746,1,80486,21,0,0
2508,67,F,113,20046,2,711,0,104675,9,2,1
2509,19,F,54,12682,2,633,1,35587,29,1,1
2510,71,F,119,10462,1,742,1,89976,75,0,0
2511,45,M,14,17776,1,748,1,73527,70,0,0
2512,66,M,59,4963,1,670,1,84997,24,0,0
2513,67,F,117,24034,2,670,1,75702,60,0,0
2514,47,M,94,11984,1,654,0,47308,11,1,1
2515,55,F,53,19129,3,720,1,71123,49,1,1
2516,68,F,103,5753,1,735,0,84477,1,0,0
2517,21,M,27,3646,1,676,0,29439,2,0,1
2518,18,M,47,2511,2,631,0,33035,5,1,1
2519,25,M,80,7150,3,694,0,47313,3,2,1
2520,46,F,115,16962,1,669,1,62915,68,1,1
2521,72,M,6,24726,2,735,1,99635,61,0,0
2522,56,F,55,22020,1,726,1,83329,17,0,0
2523,20,M,97,5943,2,627,1,24534,79,0,0
2524,49,M,44,12136,2,729,1,83374,29,1,0
2525,27,F,18,5367,3,624,0,39589,1,2,1
2526,27,F,16,4206,1,656,0,42931,6,2,1
2527,36,F,12,15334,1,701,1,44167,47,1,0
2528,63,F,20,21808,2,751,1,82055,17,0,0
2529,51,F,45,5905,1,671,1,51227,16,0,0
2530,50,F,64,6571,2,681,0,58660,8,1,1
2531,40,F,104,22521,2,658,0,63339,5,2,1
2532,72,F,59,26661,1,725,1,86016,68,1,0
2533,45,M,93,15286,2,679,0,54440,12,1,0
2534,49,F,94,11911,1,683,0,61907,12,1,1
2535,67,F,90,14034,4,748,1,99046,71,0,0
2536,24,M,22,17696,2,697,0,45051,1,2,1
2537,46,F,97,20122,2,663,1,61154,66,1,0
2538,25,M,117,5749,1,693,0,36943,2,0,0
2539,18,M,103,11029,3,659,0,31815,0,0,1
2540,74,F,47,28062,2,726,0,88910,5,0,0
2541,72,M,29,15083,1,722,1,97955,50,0,0
2542,20,F,86,6071,1,592,0,30462,12,4,1
2543,41,M,45,6087,1,671,1,52896,29,0,0
2544,40,M,77,3469,4,582,0,39031,5,4,1
2545,25,M,9,13259,3,687,1,43765,17,0,0
2546,71,F,24,13073,3,693,0,91016,0,2,0
2547,74,F,15,32579,2,741,1,96668,59,0,0
2548,64,M,36,30776,1,738,1,77237,31,0,0
2549,54,M,13,5397,1,697,1,70253,72,0,0
2550,20,F,91,7808,1,677,0,36222,0,2,1
2551,68,F,44,28395,1,710,0,85858,6,1,1
2552,50,M,101,27499,2,694,0,84318,5,1,0
2553,45,M,71,18005,3,657,1,56977,53,1,0
2554,64,F,72,14635,4,688,1,85013,72,0,0
2555,25,F,101,6312,1,702,1,30223,70,0,0
2556,51,F,105,18604,2,620,0,72043,10,3,1
2557,52,F,78,21989,2,684,0,56256,13,1,1
2558,49,F,76,10119,1,663,0,61461,12,0,1
2559,41,M,36,20443,2,686,1,54791,22,2,0
2560,31,F,116,4816,1,638,1,33382,55,0,0
2561,49,M,61,22491,3,640,1,56770,48,1,0
2562,73,F,104,32006,2,656,0,112462,10,2,1
2563,63,M,81,20449,2,751,1,96355,43,0,0
2564,60,F,40,21550,1,680,1,81416,30,0,0
2565,33,F,117,6291,1,681,0,43272,14,0,0
2566,21,M,93,4836,1,687,1,33132,19,2,1
2567,69,M,27,7301,2,694,1,81359,44,1,0
2568,54,F,1,4933,3,735,1,54864,64,0,0
2569,71,F,116,13477,1,719,1,78499,19,0,0
2570,38,F,34,12822,2,603,0,40449,4,4,1
2571,31,F,68,8630,1,599,0,32839,2,3,1
2572,48,F,88,5039,1,612,1,58655,64,3,1
2573,72,M,21,34291,2,685,0,98458,8,1,1
2574,65,M,33,25378,2,675,1,97427,60,0,0
2575,35,F,7,18921,1,716,1,48980,48,0,0
2576,24,M,65,8442,1,709,1,29666,61,0,0
2577,27,M,105,2926,1,660,1,26289,74,0,0
2578,24,M,3,10820,1,646,0,50135,13,1,0
2579,50,F,108,21095,3,683,0,76162,10,1,1
2580,40,M,51,3708,2,702,0,61913,7,2,1
2581,38,F,79,3329,1,647,1,60287,55,1,0
2582,36,M,95,6329,1,643,0,66420,11,1,1
2583,65,F,54,10908,4,681,0,78995,2,2,1
2584,36,M,80,7178,2,655,1,35831,76,0,0
2585,53,F,74,19535,2,756,1,88554,39,0,0
2586,46,F,118,5030,1,672,0,51167,1,0,0
2587,35,M,93,15644,3,672,0,54758,11,3,1
2588,19,F,59,8934,1,658,1,34542,71,0,0
2589,18,F,6,5844,2,698,0,38180,7,1,0
2590,64,F,29,5534,4,733,0,101027,0,0,1
2591,22,F,17,1416,1,592,0,18342,3,2,1
2592,37,F,117,11688,1,678,1,62469,36,0,0
2593,28,F,60,4717,1,701,0,45406,13,0,1
2594,59,F,22,13679,1,706,1,75207,46,0,0
2595,19,F,24,7383,1,705,1,27357,27,0,0
2596,20,M,81,7353,3,658,1,30445,52,2,1
2597,40,M,85,7315,1,662,0,55878,1,1,0
2598,72,F,51,16006,2,741,1,93964,19,0,0
2599,29,F,50,10038,3,653,1,37893,63,2,0
2600,37,M,11,21377,4,654,1,60851,19,0,0
2601,22,M,56,12697,2,666,1,40486,62,0,0
2602,54,M,71,17372,1,663,1,71289,32,2,0
2603,55,F,42,14852,1,744,1,84004,20,0,0
2604,47,M,39,11888,1,668,1,66871,56,0,0
2605,26,F,69,16990,2,692,1,47484,66,0,0
2606,51,F,108,4429,1,694,0,69492,2,2,0
2607,70,M,48,36584,1,651,0,92433,9,2,0
2608,61,F,57,21972,1,658,0,77768,10,3,1
2609,52,F,21,17842,2,705,1,61866,54,1,0
2610,69,F,82,6224,1,682,1,98321,70,1,0
2611,39,F,99,13691,1,653,1,52267,65,2,0
2612,61,M,20,20917,1,735,1,95219,34,0,0
2613,41,M,15,4318,2,644,1,49619,71,0,0
2614,34,F,69,6992,2,704,1,47476,19,1,0
2615,27,F,77,18679,1,730,0,51655,9,0,0
2616,47,M,51,18894,2,731,1,77914,38,1,0
2617,73,F,76,19518,1,688,0,100250,6,4,1
2618,63,M,62,6665,1,714,0,88354,10,0,1
2619,40,F,119,15047,1,642,0,50165,7,2,1
2620,49,F,85,17607,2,649,0,59483,5,1,1
2621,34,M,37,16784,2,710,1,63356,17,0,0
2622,67,M,6,19623,1,713,1,85842,23,0,0
2623,68,M,71,15432,2,659,0,76460,4,2,1
2624,34,M,26,8896,1,641,1,34529,18,0,0
2625,31,F,106,7710,4,713,1,58551,23,0,0
2626,26,M,112,17282,2,698,0,45546,11,0,0
2627,57,F,8,17162,2,717,1,67019,49,0,0
2628,19,M,73,3808,2,617,0,23964,4,1,1
2629,62,M,91,14798,4,708,1,71355,32,0,0
2630,42,F,4,13448,4,654,1,40506,24,0,0
2631,56,M,21,6602,2,672,0,61954,13,4,1
2632,26,M,31,6536,1,680,0,42862,10,1,0
2633,71,M,21,23489,1,712,1,81608,15,0,0
2634,39,M,104,6100,1,666,1,38025,30,0,0
2635,60,F,25,24290,2,706,0,74196,3,0,1
2636,63,F,103,6682,1,700,1,69850,76,0,0
2637,21,M,15,9689,3,668,1,30572,19,1,0
2638,43,M,117,4353,1,733,1,58879,59,0,0
2639,46,M,35,4102,2,705,1,75393,66,0,0
2640,62,F,49,33256,1,700,1,91268,21,0,0
2641,51,F,43,20195,2,699,1,79675,41,0,0
2642,40,F,41,7001,1,651,1,40433,27,0,0
2643,54,F,37,8646,2,683,0,65798,11,1,1
2644,28,M,57,14554,1,661,0,54733,0,2,1
2645,23,M,42,11788,1,721,0,51669,7,0,1
2646,35,M,47,15429,3,722,1,38858,19,0,0
2647,38,F,92,17558,1,682,1,44550,47,3,0
2648,59,M,61,18987,1,701,0,69738,2,1,1
2649,53,F,14,16148,1,707,1,78768,40,0,0
2650,58,F,68,20348,3,721,1,91699,30,0,0
2651,55,M,53,17807,1,697,0,61644,6,1,0
2652,51,M,84,5172,2,669,1,60460,50,1,1
2653,34,M,34,7799,1,691,0,47288,13,2,0
2654,54,F,76,4214,1,672,0,55195,8,1,1
2655,42,F,97,3878,3,658,1,51245,49,2,0
2656,55,M,24,8819,1,726,1,74394,39,0,0
2657,29,M,20,11708,2,704,0,53257,0,1,1
2658,40,F,69,19270,1,680,1,59352,32,1,0
2659,70,M,102,20925,1,751,1,95146,72,0,0
2660,59,F,30,13098,2,691,0,78235,0,0,0
2661,39,F,88,4475,2,655,0,56768,8,1,1
2662,38,M,107,10708,2,689,1,44139,26,1,0
2663,44,M,104,6387,2,681,0,44063,11,0,0
2664,74,M,7,24429,1,704,1,92105,27,0,0
2665,48,M,36,28224,1,679,1,71998,49,0,0
2666,23,F,38,4420,1,688,1,49680,41,1,0
2667,44,F,80,6593,2,636,0,53065,12,3,1
2668,57,F,52,19521,2,682,1,90552,36,0,0
2669,51,M,15,30703,1,732,1,78924,56,0,0
2670,29,F,46,17743,1,637,0,55424,11,1,1
2671,62,M,23,35898,1,716,0,98519,5,0,0
2672,74,M,12,18046,4,704,0,108189,0,1,1
2673,70,M,93,36007,2,706,1,90650,20,1,0
2674,24,M,44,3854,1,682,1,44814,53,0,0
2675,27,M,112,2281,1,680,0,33285,13,1,1
2676,62,M,15,25103,1,669,1,71834,39,0,0
2677,34,F,93,22783,2,692,0,60828,9,3,1
2678,43,M,109,3482,2,650,1,42622,72,1,0
2679,38,F,107,5376,1,700,0,59931,7,2,1
2680,45,F,49,2836,3,625,1,46037,30,1,1
2681,63,M,21,6438,2,701,1,74356,51,0,0
2682,19,M,15,3729,1,656,1,30243,67,1,0
2683,71,M,14,42611,2,686,0,109392,12,3,1
2684,60,F,42,18762,1,683,0,66123,6,2,1
2685,18,M,108,9095,3,628,1,28203,33,0,0
2686,68,F,80,23160,1,693,0,72005,10,1,0
2687,70,M,15,21996,1,671,0,92702,8,1,0
2688,53,M,106,26280,2,671,0,79850,0,2,0
2689,68,F,63,24054,2,671,1,93042,24,1,0
2690,43,F,68,9492,1,681,1,59293,60,0,0
2691,46,M,27,17051,4,712,1,69205,33,2,1
2692,38,F,87,15290,1,690,0,64588,12,1,1
2693,28,F,93,18917,1,648,0,55933,11,1,1
2694,57,F,105,34791,3,756,1,88392,59,0,0
2695,28,F,53,6421,1,637,1,33122,48,0,0
2696,53,F,52,20846,1,683,0,65721,3,0,0
2697,66,M,63,7084,2,733,1,83419,58,0,0
2698,56,M,73,18933,1,688,0,58817,14,0,0
2699,57,F,53,14881,4,694,1,82676,62,0,0
2700,52,M,57,5534,1,705,0,86751,7,2,0
2701,71,M,52,14508,2,739,1,81904,41,0,0
2702,51,F,107,18239,1,662,1,69159,32,0,0
2703,72,M,43,9625,1,691,1,104922,47,0,0
2704,64,F,7,28660,2,634,0,76753,9,2,1
2705,41,F,117,5076,2,702,1,65767,39,0,0
2706,71,M,42,36709,2,662,1,97760,28,1,0
2707,39,F,4,11725,1,632,0,39413,0,1,0
2708,22,F,69,6764,2,701,1,40896,52,0,0
2709,73,F,5,17811,1,684,1,95365,18,1,0
2710,50,F,75,23419,2,709,1,75721,76,0,0
2711,53,F,105,14879,2,724,1,57115,24,0,0
2712,64,M,92,20313,1,643,0,71254,2,2,1
2713,37,M,80,10665,2,719,1,57273,37,0,0
2714,36,F,41,9179,1,653,0,41584,1,1,0
2715,52,F,118,26216,2,737,1,66127,39,0,0
2716,69,M,94,9532,2,695,1,76334,67,1,0
2717,60,F,4,18746,1,674,1,95523,31,1,0
2718,34,M,2,9537,3,639,0,62689,3,3,1
2719,62,F,110,28558,1,703,0,89865,4,0,0
2720,60,F,67,29389,3,694,1,92593,39,0,0
2721,51,F,114,11050,1,711,1,72530,56,0,0
2722,26,F,21,2316,3,646,1,29502,59,0,0
2723,43,F,70,2943,1,680,1,54507,45,1,1
2724,19,F,43,7431,1,664,1,37230,79,1,0
2725,70,F,117,15718,3,681,0,81181,7,2,1
2726,26,M,82,13492,1,649,0,34075,7,1,0
2727,26,M,108,10383,1,698,0,48419,1,2,1
2728,57,M,69,10258,2,701,0,73405,14,3,1
2729,34,F,9,16303,2,666,1,45045,57,0,0
2730,18,F,84,4006,2,607,1,18057,43,1,0
2731,42,F,28,12245,1,725,1,47149,17,0,0
2732,60,F,26,7936,2,731,0,95064,0,0,0
2733,57,F,82,12554,1,604,0,68221,7,4,1
2734,59,F,83,35598,3,681,0,93561,2,1,1
2735,42,F,3,13718,2,713,0,53519,7,1,0
2736,56,M,73,11064,2,709,1,64864,66,0,0
2737,52,F,100,21971,1,699,0,81681,6,2,0
2738,20,M,95,16892,3,639,1,45821,54,1,1
2739,67,M,49,13867,2,685,0,95047,14,1,0
2740,54,F,17,13422,3,661,1,59182,43,0,0
2741,61,F,63,30708,1,676,1,79649,77,0,0
2742,61,M,55,8878,2,698,0,80463,11,2,0
2743,68,M,23,29054,2,692,1,96243,73,1,1
2744,47,F,34,14793,1,656,1,55808,63,1,0
2745,55,F,105,22917,1,716,1,79606,67,0,0
2746,51,M,105,13627,1,725,0,78803,14,1,0
2747,29,F,69,4775,1,640,1,29869,26,0,0
2748,36,F,15,15291,1,653,1,52823,72,0,0
2749,54,F,47,8993,1,657,1,71691,50,2,0
2750,61,M,3,13960,2,734,1,70904,24,0,0
2751,66,M,83,11295,2,711,1,97490,20,1,0
2752,34,M,28,3082,1,690,1,58260,21,0,0
2753,27,F,3,15545,2,673,1,39909,45,0,0
2754,74,F,102,19319,3,700,1,96069,17,1,1
2755,72,M,4,32845,1,737,1,84375,61,0,0
2756,66,M,88,7509,1,692,1,75765,15,1,0
2757,64,M,31,22815,2,735,1,89267,59,0,0
2758,29,F,45,3571,2,694,1,29670,68,0,0
2759,33,M,59,15839,2,642,0,48509,12,1,0
2760,41,M,45,15669,2,694,1,48317,21,2,1
2761,36,F,75,3142,1,633,1,35138,77,1,0
2762,25,F,37,17867,2,672,1,48390,29,0,0
2763,48,F,65,8000,1,712,1,67728,44,0,0
2764,38,M,9,17825,1,666,0,67381,7,1,1
2765,34,F,17,13534,1,635,1,34265,19,0,0
2766,40,F,118,13794,1,629,0,38440,1,1,1
2767,54,M,65,23170,2,700,1,60213,25,0,0
2768,71,F,3,14759,2,669,1,86863,42,1,0
2769,33,M,111,4273,4,673,1,49147,74,1,0
2770,23,M,26,3910,1,633,0,33726,8,2,1
2771,25,F,53,4505,4,652,1,20005,64,0,0
2772,42,F,31,15542,2,676,0,47438,9,0,0
2773,35,F,26,3940,1,613,0,38414,5,2,1
2774,42,F,23,17563,3,611,0,62523,9,5,1
2775,29,F,30,4697,2,642,0,28770,9,1,1
2776,32,F,10,6684,1,651,1,39450,52,0,0
2777,43,M,72,12452,3,644,1,44206,47,1,0
2778,58,M,108,16240,2,693,0,76082,8,2,1
2779,62,F,89,32650,2,740,1,97693,58,0,0
2780,43,M,64,5013,3,699,0,47937,6,0,0
2781,64,F,22,32892,1,689,1,100748,67,1,0
2782,49,M,15,5309,2,697,1,73251,61,1,0
2783,27,M,105,5739,2,672,1,48665,47,0,0
2784,33,M,56,15469,1,678,1,55314,29,0,0
2785,24,F,74,13855,1,722,1,39675,28,0,0
2786,34,M,20,6071,2,683,0,43857,11,1,0
2787,40,F,105,11582,1,666,1,70400,68,2,0
2788,43,M,47,11310,2,691,0,47522,2,2,1
2789,38,M,87,4797,3,665,1,38671,68,1,0
2790,39,M,53,19642,1,697,1,58825,50,0,0
2791,24,M,53,14853,1,704,1,46303,66,0,0
2792,31,M,1,5140,1,684,0,50965,6,0,0
2793,32,F,2,12991,2,672,1,61182,42,0,0
2794,70,F,58,29806,3,682,0,92799,11,1,1
2795,24,M,19,7777,2,728,1,46276,52,0,0
2796,26,M,62,10161,1,635,0,37412,12,2,1
2797,68,M,78,5475,2,746,0,81028,1,0,1
2798,65,M,72,26151,2,763,1,99419,60,0,0
2799,25,F,102,2912,1,630,1,28159,42,0,0
2800,67,M,12,32268,2,732,0,94710,12,0,0
2801,40,F,26,7675,1,714,0,44004,0,0,0
2802,46,M,27,8409,2,710,1,56612,58,1,1
2803,35,F,29,15065,1,655,1,43755,74,0,0
2804,48,M,15,4500,1,685,1,66617,74,0,0
2805,47,M,46,9495,3,634,0,50290,8,1,1
2806,69,F,117,18245,2,744,0,101640,14,1,1
2807,56,M,1,11132,1,699,0,74375,14,2,1
2808,52,M,60,22734,3,704,0,61591,3,1,0
2809,35,M,107,10058,2,688,1,32151,73,0,0
2810,59,F,92,5808,1,702,1,80247,23,0,0
2811,56,M,57,23997,2,717,0,79951,5,2,1
2812,34,M,3,14067,3,681,0,59975,12,1,0
2813,31,F,115,18809,2,694,0,51488,6,0,0
2814,48,F,18,9552,1,675,1,59874,27,2,0
2815,41,F,52,12904,2,699,1,51418,26,1,0
2816,52,M,60,17163,2,666,0,76192,5,2,1
2817,61,M,34,14648,2,725,0,66177,0,1,0
2818,62,M,96,17112,1,723,1,81626,30,1,0
2819,51,F,93,9785,2,736,1,80222,33,0,0
2820,20,M,89,5596,1,675,1,17793,20,2,1
2821,54,M,60,11742,2,671,0,56459,5,2,1
2822,60,F,26,30083,4,672,0,78040,4,2,0
2823,57,F,103,8854,1,640,1,62670,60,2,0
2824,43,F,72,15860,1,678,0,54886,9,0,0
2825,72,F,19,30341,2,687,0,80003,2,1,1
2826,40,F,118,15691,2,665,1,55600,51,1,0
2827,61,M,111,23246,1,714,0,65491,9,0,0
2828,56,F,106,23883,2,674,1,70323,75,0,0
2829,32,M,22,5670,3,643,0,32211,6,2,0
2830,73,M,93,23650,2,723,0,90947,7,1,1
2831,66,F,33,10519,2,738,1,100476,35,0,0
2832,21,F,38,7292,1,594,0,30713,2,3,1
2833,46,F,109,6577,3,655,1,50342,69,0,0
2834,39,M,110,18633,1,639,1,60046,20,1,0
2835,42,F,35,15476,1,665,0,65907,9,3,1
2836,30,F,107,10223,1,703,1,52714,64,0,0
2837,35,F,67,6367,2,669,0,44194,6,3,1
2838,50,F,83,22984,3,706,1,57526,27,0,0
2839,33,F,10,3677,1,718,0,48962,8,0,1
2840,62,M,91,4502,2,740,1,68995,15,0,0
2841,59,M,15,11494,2,669,0,91194,5,1,1
2842,61,M,11,30645,2,738,1,78602,49,0,0
2843,19,F,111,15686,2,621,1,39940,67,1,1
2844,72,F,90,27642,1,712,1,98995,66,0,0
2845,52,F,24,27680,1,698,0,77311,10,1,1
2846,59,M,77,10809,3,673,0,86552,9,3,1
2847,51,F,96,27551,1,657,1,70605,57,0,0
2848,47,F,101,7060,1,667,1,70620,34,0,0
2849,72,F,4,9423,2,695,0,110353,1,3,1
2850,30,M,13,2629,3,653,1,29447,30,1,1
2851,30,F,73,9187,2,704,0,36662,2,1,1
2852,35,M,57,11931,1,693,1,36899,35,0,0
2853,49,F,113,13800,1,659,0,77382,12,3,1
2854,49,M,98,19901,2,648,0,50735,4,0,1
2855,52,M,37,12675,1,678,1,62735,33,0,0
2856,56,M,48,7686,1,659,0,74869,7,2,1
2857,63,F,71,15799,1,666,1,74145,67,0,0
2858,69,F,1,26197,2,644,1,91069,62,2,0
2859,46,M,60,17837,1,697,0,52266,1,0,0
2860,66,M,12,16827,1,619,0,79912,10,4,1
2861,46,F,21,15773,1,687,1,61191,56,0,0
2862,70,F,11,13732,1,666,0,95649,6,1,0
2863,61,M,44,26921,1,748,1,97515,20,0,0
2864,74,F,115,43304,2,766,1,109606,60,0,0
2865,33,F,58,2808,2,714,1,41810,54,0,0
2866,73,F,108,40257,1,682,0,111736,1,1,0
2867,61,F,44,19533,1,687,0,79145,2,0,0
2868,64,M,78,13335,1,705,0,96465,3,2,0
2869,74,F,98,35518,1,635,0,92444,2,4,1
2870,27,F,34,5987,1,707,1,27317,63,0,0
2871,47,M,25,11007,1,674,1,66268,19,1,0
2872,42,M,4,5935,1,693,0,52277,13,2,1
2873,56,F,64,9547,4,673,0,70424,5,1,1
2874,37,F,116,12790,1,636,0,37452,8,0,0
2875,22,F,119,11575,3,725,1,43672,74,0,0
2876,18,F,90,15624,1,603,0,42268,5,3,1
2877,47,M,16,8359,1,709,1,63716,55,0,0
2878,66,M,10,7063,2,693,0,76440,11,2,1
2879,20,M,109,2375,1,657,1,45559,32,0,0
2880,62,F,66,15405,1,701,1,67638,65,0,0
2881,31,F,35,11090,4,626,0,27765,2,3,1
2882,73,F,83,29137,2,734,0,99362,8,0,0
2883,47,F,6,8206,1,678,1,51958,26,1,0
2884,67,M,19,30970,1,690,0,86775,6,3,1
2885,21,M,59,13239,3,724,1,40910,62,0,0
2886,35,F,53,2388,3,666,1,43103,54,0,0
2887,54,M,116,23504,1,745,1,69974,27,0,0
2888,42,F,115,9651,1,702,1,62193,40,1,0
2889,65,F,8,9788,2,674,0,95597,6,0,0
2890,18,M,78,2630,1,617,0,20353,1,2,1
2891,70,F,10,17188,1,681,1,80318,52,0,0
2892,63,F,67,19606,2,669,0,98669,5,3,1
2893,32,M,38,7337,1,643,1,48551,36,0,0
2894,26,F,29,3297,2,681,0,29901,14,2,0
2895,32,F,15,11202,3,682,0,35362,12,1,1
2896,66,M,87,39353,2,737,1,99241,16,0,0
2897,74,F,23,27727,1,705,0,86048,14,1,1
2898,41,M,82,9066,1,678,1,59029,16,1,1
2899,21,F,46,2361,1,669,1,17403,17,0,0
2900,29,M,83,6331,1,711,1,50170,70,0,0
2901,54,M,28,6378,1,675,1,65186,25,1,0
2902,54,M,26,13420,1,649,1,55234,46,0,0
2903,60,F,10,25266,1,675,1,96474,18,1,0
2904,23,M,47,12543,1,675,0,42244,6,1,1
2905,56,M,4,21746,1,744,1,75488,70,0,0
2906,73,M,55,12423,2,686,1,81559,30,2,0
2907,63,M,66,12709,2,691,1,76743,24,0,0
2908,41,M,67,17814,1,657,1,61740,50,1,1
2909,28,F,7,9230,2,610,0,53569,14,3,1
2910,30,F,55,4673,2,668,1,37561,78,0,0
2911,51,F,80,13355,1,673,1,73778,70,0,0
2912,42,F,31,7724,1,654,0,53187,7,0,1
2913,24,F,74,2048,2,678,1,25312,66,0,0
2914,69,F,19,28400,1,712,1,83396,64,0,0
2915,21,F,28,16365,1,671,1,46946,61,0,0
2916,25,M,81,5068,4,642,1,39930,37,2,1
2917,37,F,28,4695,1,680,1,64601,33,0,0
2918,46,M,19,19715,2,682,0,63887,13,0,0
2919,71,M,101,13071,1,749,1,105383,48,0,0
2920,70,F,87,17786,1,641,0,94758,14,3,1
2921,68,M,20,5266,1,744,1,72682,75,0,0
2922,62,M,13,12303,2,688,1,95232,49,0,0
2923,63,M,77,27372,1,689,0,83576,12,0,1
2924,27,M,43,9259,1,636,0,27926,13,2,0
2925,60,F,11,11401,4,722,1,93086,55,1,0
2926,51,F,48,12193,1,665,0,72763,3,2,1
2927,74,F,15,8270,1,706,1,85272,24,0,0
2928,43,F,17,3371,1,663,0,44375,11,1,0
2929,58,F,54,29965,2,693,0,75428,3,2,0
2930,66,F,50,24361,1,741,1,87174,76,1,0
2931,20,F,28,8723,1,649,1,36388,34,0,0
2932,73,F,83,29457,1,722,1,92655,49,2,1
2933,23,F,4,12459,1,695,0,36215,6,1,0
2934,22,F,22,13041,2,694,1,39238,68,0,0
2935,22,M,86,1610,2,639,1,28864,42,0,0
2936,71,F,119,9512,1,664,1,82440,46,0,0
2937,64,M,101,20032,1,669,1,71742,25,0,0
2938,40,M,39,10459,1,677,1,57622,56,0,0
2939,66,M,34,32587,2,718,1,82736,37,1,0
2940,26,M,97,6450,1,627,0,22800,14,1,1
2941,52,F,44,22356,1,725,1,58100,23,0,0
2942,37,M,42,5380,4,636,0,44648,7,1,1
2943,66,F,40,30408,1,698,1,86293,42,0,0
2944,59,F,97,13023,4,733,0,80155,2,0,1
2945,52,M,12,27577,1,712,1,69577,61,1,0
2946,67,F,2,9455,1,673,1,89883,36,3,1
2947,35,M,28,7389,1,686,0,32026,5,1,0
2948,34,M,74,17195,1,709,0,52506,1,1,1
2949,41,F,86,12863,1,667,0,63860,11,1,0
2950,20,F,81,6470,1,680,1,30258,66,0,0
2951,49,M,90,32242,4,675,1,81579,61,1,0
2952,52,F,67,15223,1,690,0,76554,11,2,1
2953,55,F,71,22400,2,699,1,85684,59,0,0
2954,30,F,108,2860,2,659,0,41389,1,2,1
2955,73,M,72,35830,2,735,1,103924,35,1,1
2956,64,M,84,26159,2,704,1,94485,27,0,0
2957,42,F,76,12938,1,695,0,67595,11,0,1
2958,26,F,99,2393,1,641,1,42997,39,1,1
2959,21,F,81,5392,1,707,0,20974,8,0,1
2960,31,F,92,3202,1,659,0,58833,12,2,1
2961,54,F,105,2803,1,701,0,55596,12,2,1
2962,51,M,10,21142,1,706,0,79589,14,3,1
2963,28,F,86,3576,3,671,1,30788,66,0,0
2964,58,M,102,9759,3,687,1,83296,37,0,0
2965,73,F,57,22187,1,722,1,79624,35,1,0
2966,20,M,97,1490,1,641,0,21666,6,1,0
2967,45,F,86,8078,1,647,0,50584,6,1,0
2968,46,M,108,7229,1,681,1,70662,54,0,0
2969,26,F,37,12209,1,716,1,48244,23,1,0
2970,20,M,77,5431,3,598,0,19285,1,5,1
2971,42,M,91,14446,1,637,1,47770,42,1,0
2972,51,M,64,9628,1,687,1,69103,25,0,0
2973,29,M,79,4655,1,680,1,57299,70,0,0
2974,59,M,86,7224,4,745,1,93168,49,0,0
2975,26,M,94,8802,3,676,0,44195,12,2,1
2976,32,F,107,19525,2,628,0,51241,4,2,1
2977,57,M,40,7984,1,702,1,63266,45,0,0
2978,42,F,101,7548,1,635,0,53966,5,1,1
2979,22,F,98,3835,1,707,1,44952,77,0,0
2980,28,F,108,15232,1,701,1,58149,61,1,0
2981,51,F,60,21917,2,726,0,76114,11,1,0
2982,41,F,98,16923,1,685,1,61533,72,0,0
2983,32,M,48,15587,1,724,0,44358,3,0,0
2984,55,M,117,16949,2,679,1,76954,22,1,0
2985,25,M,99,2877,1,676,1,29638,40,1,0
2986,22,F,106,7647,2,695,1,50547,48,1,0
2987,65,M,19,21893,1,678,1,77675,33,0,0
2988,43,M,72,17372,1,663,1,65654,15,1,0
2989,35,M,103,15015,1,722,1,63661,62,1,0
2990,23,M,33,10054,3,693,1,34784,39,0,0
2991,54,M,44,22017,1,740,0,80622,2,0,0
2992,65,F,92,28293,1,705,0,78929,12,2,0
2993,30,M,37,7976,1,657,0,31267,0,4,1
2994,45,F,112,18083,2,716,0,56069,10,1,0
2995,22,F,89,2382,2,668,1,17381,75,0,0
2996,30,F,36,12780,1,695,1,44472,25,1,0
2997,34,F,81,18338,1,673,1,50136,52,0,0
2998,67,F,88,17758,4,676,0,95987,7,2,1
2999,57,M,21,22606,2,742,1,70056,31,0,0
3000,62,M,2,27855,2,744,0,91726,12,1,1
